name,price,stars rate,reviews
Fujifilm Finepix Hs30exr / Hs33exr,7.000.000,3.8,4 đánh giá
Nikon Coolpix P7000,5.950.000,5.0,1 đánh giá
Panasonic Lumix Dmc-ts4 / Ft4,5.200.000,4.0,1 đánh giá
Máy ảnh Canon Ixus 190 Black,3.500.000,4.5,2 đánh giá
Sony Cybershot Dsc-h300 (Cũ),2.300.000,4.3,12 đánh giá
Canon Powershot A3300 Is - Mỹ / Canada,1.700.000,4.4,32 đánh giá
Olympus Stylus-1050sw (olympus Mju-1050sw / Olympus µ-1050sw),1.500.000,,
Sony Cybershot Dsc-rx100 (Cũ),4.500.000,3.7,3 đánh giá
Canon Powershot A3200 Is - Mỹ / Canada (Cũ),900.000,3.9,56 đánh giá
Olympus X-940,1.500.000,,
Sony Cyber-shot Dsc - Rx100m3,6.900.000,4.0,2 đánh giá
Canon Ixus 117 Hs - Châu âu,3.200.000,5.0,1 đánh giá
Sony Cybershot Dsc-w690 (bc E32/ Lc E32/ Rc E32/ Sc E32),2.500.000,4.5,2 đánh giá
Olympus Stylus-1030sw (olympus Mju-1030sw / Olympus µ-1030sw) (Cũ),1.200.000,,
Fujifilm Instax Mini 90 Neo Classic,2.500.000,5.0,2 đánh giá
Sony Cyber-shot Dsc - Rx100m4,17.000.000,5.0,1 đánh giá
Sony Cybershot Dsc-w520,2.400.000,,
Samsung Wb100,2.100.000,,
Canon Eos 1300d + Kit Ef-s 18-55mm F/3.5-5.6 Is Ii (Cũ),4.000.000,4.0,2 đánh giá
Fujifilm Finepix S4200,3.000.000,5.0,3 đánh giá
Nikon Coolpix S1200pj,4.000.000,2.5,2 đánh giá
Sony Cybershot Dsc-wx9,2.500.000,5.0,1 đánh giá
Canon Ixy 420f (ixus 240 Hs / Powershot Elph 320 Hs) - Nhật,3.500.000,4.0,1 đánh giá
Nikon Coolpix L820,4.450.000,5.0,1 đánh giá
Panasonic Lumix Dmc-fx700,4.000.000,5.0,1 đánh giá
Nikon Coolpix P520 (Cũ),3.500.000,4.0,1 đánh giá
Sony Cybershot Dsc-hx400v,9.500.000,4.0,2 đánh giá
Olympus Tough Tg-5 Black,10.900.000,4.0,1 đánh giá
Fujifilm Finepix Z33wp (Cũ),1.500.000,,
Nikon Coolpix S4300 (Cũ),1.800.000,4.0,1 đánh giá
Panasonic Lumix Dmc-fz18,3.000.000,3.7,7 đánh giá
Panasonic Lumix Dmc-s3,1.000.000,3.4,5 đánh giá
Sony Cybershot Dsc-w220 (Cũ),3.450.000,4.8,4 đánh giá
Panasonic Lumix Dmc-fz60 (dmc-fz62),6.300.000,5.0,1 đánh giá
Nikon Coolpix P900,11.900.000,4.7,7 đánh giá
Sony Cybershot Dsc-w270 (Cũ),1.500.000,5.0,1 đánh giá
Sony Cybershot Dsc-w710 (bc E32/ Sc E32/ Pc E32),1.500.000,4.3,7 đánh giá
Sony Cybershot Dsc-w620,2.150.000,4.0,2 đánh giá
Canon Ixus 245 Hs (ixy 430f) - Châu âu (Cũ),1.800.000,,
Olympus Camedia Fe-220,1.100.000,,
Sony Cybershot Dsc-wx200 Back,4.190.000,4.3,4 đánh giá
Sony Cybershot Dsc-t300,1.400.000,4.8,4 đánh giá
Máy ảnh Số Sony Cybershot Dsc-w370 Black,1.300.000,3.9,9 đánh giá
Sony Cybershot Dsc-wx220,3.600.000,4.7,3 đánh giá
Fujifilm Finepix Hs50 Exr,9.250.000,5.0,3 đánh giá
Casio Exilim Ex-zs6 (Cũ),1.300.000,,
Canon Powershot G12 - Mỹ / Canada (Cũ),2.500.000,4.2,72 đánh giá
Canon Eos M5+ Kit 15-45mm F/3.5-6.3 Is Stm,10.500.000,5.0,2 đánh giá
Canon Ixus 160 (powershot Elph 160),1.900.000,3.8,4 đánh giá
Sony Cybershot Dsc-wx200 Back,3.300.000,4.3,4 đánh giá
Sony Cyber-shot Dsc-hx90v,5.500.000,4.6,7 đánh giá
Danh sách nơi bán Canon PowerShot ELPH 115 IS (IXUS 132) - Mỹ / Canada cập nhật mới nhất 2021,,,
Danh sách nơi bán Canon IXUS 285 HS Silver cập nhật mới nhất 2021,,,
Danh sách nơi bán Máy ảnh Sony DSC-RX100M6 cập nhật mới nhất 2021,,,
Danh sách nơi bán Canon EOS M6 + Kit 15-45mm IS STM (màu bạc) cập nhật mới nhất 2021,,,
Danh sách nơi bán Máy ảnh Sony DSC-RX100M5A Zeiss lens cập nhật mới nhất 2021,,,
Danh sách nơi bán Canon PowerShot G7 X Mark II cập nhật mới nhất 2021,,,
Danh sách nơi bán Canon PowerShot SX540 HS cập nhật mới nhất 2021,,,
Danh sách nơi bán Sony Cyber-shot DSC - RX100M4 cập nhật mới nhất 2021,,,
Danh sách nơi bán Sony Cybershot DSC-W830 Black cập nhật mới nhất 2021,,,
Nikon Coolpix S3100 (Cũ),900.000,4.0,8 đánh giá
Olympus Sp-620uz,3.000.000,4.0,2 đánh giá
Sony Cybershot Dsc-w180 (Cũ),1.200.000,,
Panasonic Lumix Dmc-fs6,1.200.000,4.0,1 đánh giá
Canon Powershot A520 - Mỹ / Canada,1.400.000,,
Canon Powershot A580 - Mỹ / Canada (Cũ),1.100.000,4.5,2 đánh giá
Sony Cybershot Dsc-w710 (bc E32/ Sc E32/ Pc E32) (Cũ),900.000,4.3,7 đánh giá
Fujifilm Instax Mini 7s,1.350.000,5.0,2 đánh giá
Nikon Coolpix P90,3.800.000,4.3,3 đánh giá
Gopro Hd Hero3 Black Edition,7.900.000,4.0,1 đánh giá
Sony Cyber-shot Dsc-rx100 Iv,18.800.000,4.5,2 đánh giá
Canon Powershot A590 Is - Mỹ / Canada,1.300.000,,
Canon Powershot A495 - Mỹ / Canada (Cũ),1.100.000,3.8,9 đánh giá
Canon Ixus 225 Hs (powershot Elph 330 Hs / Ixy 610f) - Châu âu,3.790.000,,
Panasonic Lumix Dmc-tz6 (Cũ),1.100.000,,
Canon Powershot G12 - Mỹ / Canada (Cũ),2.500.000,4.2,72 đánh giá
Sony Cybershot Dsc-h300 (Cũ),1.900.000,4.3,12 đánh giá
Sony Cybershot Dsc-w230,1.600.000,1.0,1 đánh giá
Sony Cybershot Dsc-wx200 Back,3.300.000,4.3,4 đánh giá
Canon Powershot Sx130 Is - Mỹ / Canada (Cũ),1.500.000,4.3,12 đánh giá
Sony Cyber-shot Dsc - Rx100m3,12.000.000,4.0,2 đánh giá
Olympus Stylus-5010 (olympus Mju-5010 / Olympus µ-5010) (Cũ),900.000,,
Nikon Coolpix S2800,1.400.000,3.0,1 đánh giá
Canon Powershot Sx410 Is Black (Cũ),2.500.000,4.0,4 đánh giá
Canon Powershot Sx600 Hs,3.500.000,5.0,2 đánh giá
Sony Cybershot Dsc-wx80 (bc E32/ Rc E32/ Wc E32) (Cũ),1.400.000,4.5,2 đánh giá
Máy ảnh Sony Cybershot Dsc-wx800 - Black,8.000.000,,
Canon Powershot Sx600 Hs (Cũ),2.100.000,5.0,2 đánh giá
Nikon Coolpix S9300,3.000.000,4.3,4 đánh giá
Sony Cybershot Dsc-wx220,3.450.000,4.7,3 đánh giá
Sony Cybershot Dsc-rx10 Iii,28.000.000,4.3,3 đánh giá
Fujifilm X30,6.500.000,5.0,1 đánh giá
Canon Powershot Sx710 Hs,5.000.000,4.3,4 đánh giá
Canon Powershot Sx520 Hs,4.500.000,4.3,4 đánh giá
Canon Powershot Sx520 Hs,3.100.000,4.3,4 đánh giá
Nikon Coolpix L330,3.400.000,5.0,1 đánh giá
Sony Cybershot Dsc-w690 (bc E32/ Lc E32/ Rc E32/ Sc E32) (Cũ),1.500.000,4.5,2 đánh giá
Panasonic Lumix Dmc-tz5 (Cũ),1.900.000,4.0,1 đánh giá
Sony Cybershot Dsc-wx220,3.400.000,4.7,3 đánh giá
Canon Powershot S90 Is - Mỹ / Canada,2.500.000,4.0,2 đánh giá
Canon Powershot Elph 170 Is (ixus 170) Black-mỹ/canada,3.550.000,,
Samsung Wb150f (ec-wb150fbdbvn),2.300.000,4.0,2 đánh giá
Fujifilm Xp80,4.000.000,,
Casio Exilim Ex-zr700,2.500.000,,
Nikon Coolpix S2900,1.600.000,,
Panasonic Lumix Dmc-fp8 (Cũ),1.200.000,4.0,2 đánh giá
Panasonic Lumix Dmc-fx80 (Cũ),2.000.000,,
Panasonic Lumix Dmc-fx90 (Cũ),3.000.000,,
Canon Ixus 160 (powershot Elph 160),1.900.000,3.8,4 đánh giá
Sony Cybershot Dsc-wx200 Back,3.300.000,4.3,4 đánh giá
Sony Cyber-shot Dsc-hx90v,5.500.000,4.6,7 đánh giá
Danh sách nơi bán Sony CyberShot DSC-H300 cập nhật mới nhất 2021,,,
Danh sách nơi bán Ricoh GR II Silver cập nhật mới nhất 2021,,,
Danh sách nơi bán Sony CyberShot DSC-H400 cập nhật mới nhất 2021,,,
Danh sách nơi bán Canon PowerShot G7 X Mark II cập nhật mới nhất 2021,,,
Danh sách nơi bán Sony Cyber-shot DSC - RX100M4 cập nhật mới nhất 2021,,,
Danh sách nơi bán Sony Cybershot DSC-W810 cập nhật mới nhất 2021,,,
Danh sách nơi bán Sony Cyber-shot DSC-H400 cập nhật mới nhất 2021,,,
Danh sách nơi bán Canon IXUS 285 HS Black cập nhật mới nhất 2021,,,
Danh sách nơi bán Canon PowerShot SX540 HS cập nhật mới nhất 2021,,,
Panasonic Lumix Dmc-zs10 (dmc-tz20 / Dmc-tz22) (Cũ),2.500.000,,
Panasonic Lumix Dmc-zr3 / Zx3 (Cũ),1.600.000,5.0,1 đánh giá
Panasonic Lumix Dmc-zx1 (Cũ),900.000,,
Máy ảnh Sony Cybershot Dsc-hx99 - Black,9.800.000,,
Canon Ixus 310 Hs (powershot Elph 500 Hs / Ixy 31s) - Châu âu,2.400.000,4.3,4 đánh giá
Canon Ixy Digital 10s Is (ixus 210 Is / Powershot Sd3500 Is) - Nhật,1.400.000,3.6,23 đánh giá
Sony Cyber-shot Dsc - Rx100m4 (Cũ),9.400.000,5.0,1 đánh giá
Sony Cybershot Dsc-w800 Black (Cũ),1.000.000,4.0,4 đánh giá
Sony Cybershot Dsc-w830 Pink,2.250.000,4.0,2 đánh giá
Nikon Coolpix S6600,3.900.000,,
Canon Powershot Sx410 Is Black,3.900.000,4.0,4 đánh giá
Sony Cyber-shot Dsc - Rx100m2,7.800.000,4.0,1 đánh giá
Nikon Coolpix P900,8.000.000,4.7,7 đánh giá
Fujifilm Finepix X100s (Cũ),9.000.000,4.2,5 đánh giá
Sony Cybershot Dsc-w830 Pink (Cũ),1.100.000,4.0,2 đánh giá
Sony Cybershot Dsc-w180 (Cũ),800.000,,
Sony Cybershot Dsc-w800 Black (Cũ),1.100.000,4.0,4 đánh giá
Sony Cyber-shot Dsc-rx100 Iv (Cũ),9.400.000,4.5,2 đánh giá
Sjcam Sj5000,2.500.000,,
Leica D-lux 6,8.000.000,,
Sony Cybershot Dsc-wx220 Pink,3.450.000,,
Máy ảnh Sony Cybershot Dsc-wx220 Gold,3.450.000,4.1,8 đánh giá
Fujifilm Instax Mini 70,2.300.000,4.5,2 đánh giá
Canon Powershot G9 X Mark Ii Black,8.500.000,4.5,2 đánh giá
Sony Cybershot Dsc-h300,3.350.000,4.3,12 đánh giá
Canon Powershot Sx710 Hs,4.300.000,4.3,4 đánh giá
Canon Ixy Digital 220 Is (powershot Sd940 Is / Digital Ixus 120 Is) - Nhật (Cũ),1.300.000,4.3,3 đánh giá
Máy ảnh Sony Cyber-shot Dsc-rx100 Mark V (Cũ),14.000.000,,
Canon Eos 1300d + Kit Ef-s 18-55mm F/3.5-5.6 Is Ii,5.500.000,4.0,2 đánh giá
Máy ảnh Fujifilm X-t100 +kit 15-45mm (Cũ),10.200.000,5.0,1 đánh giá
Nikon Coolpix S9400,2.000.000,5.0,1 đánh giá
Canon Powershot Sx420 Is Black (Cũ),2.000.000,3.7,3 đánh giá
Sony Cybershot Dsc-hx7v,3.300.000,5.0,1 đánh giá
Canon Ixy 50s (ixus 1000 Hs/ Powershot Sd4500 Is) - Nhật,3.400.000,5.0,2 đánh giá
Máy ảnh Fujifilm X-t100 Body (24.2mp) (Cũ),8.800.000,,
Nikon Coolpix S6500,4.000.000,,
Canon Powershot G7 X,9.800.000,4.2,5 đánh giá
Sony Cybershot Dsc-tx1,2.400.000,4.0,2 đánh giá
Sony Cybershot Dsc-hx200v,5.500.000,4.8,8 đánh giá
Sony Cybershot Dsc-wx7,2.100.000,5.0,2 đánh giá
Canon Ixy Digital 210 Is (powershot Sd780 Is / Digital Ixus 100 Is) - Nhật (Cũ),1.200.000,4.3,3 đánh giá
Sony Cybershot Dsc-w80 (Cũ),900.000,4.0,2 đánh giá
Máy ảnh Nikon Coolpix Aw130 Black,6.200.000,5.0,3 đánh giá
Nikon Coolpix Aw110,3.300.000,5.0,1 đánh giá
Nikon Coolpix S2700,1.550.000,5.0,1 đánh giá
Panasonic Lumix Dmc-lx2 (Cũ),2.100.000,4.3,4 đánh giá
Panasonic Lumix Dmc-lx100,9.000.000,4.6,5 đánh giá
Canon Ixy 600f (ixus 230 Hs / Powershot Elph 310 Hs) - Nhật,2.400.000,3.3,3 đánh giá
Canon Ixus 160 (powershot Elph 160),1.900.000,3.8,4 đánh giá
Sony Cybershot Dsc-wx200 Back,3.300.000,4.3,4 đánh giá
Sony Cyber-shot Dsc-hx90v,5.500.000,4.6,7 đánh giá
Danh sách nơi bán Canon IXUS 285 HS Black cập nhật mới nhất 2021,,,
Danh sách nơi bán Sony Cybershot DSC-W810 cập nhật mới nhất 2021,,,
Danh sách nơi bán Canon PowerShot ELPH 190 IS Red cập nhật mới nhất 2021,,,
Danh sách nơi bán Canon EOS M6 + Kit 15-45mm IS STM (màu bạc) cập nhật mới nhất 2021,,,
Danh sách nơi bán Nikon Coolpix P900 cập nhật mới nhất 2021,,,
Danh sách nơi bán Ricoh GR II Silver cập nhật mới nhất 2021,,,
Danh sách nơi bán Sony Cyber-shot DSC - RX100M4 cập nhật mới nhất 2021,,,
Danh sách nơi bán Canon PowerShot ELPH 115 IS (IXUS 132) - Mỹ / Canada cập nhật mới nhất 2021,,,
Danh sách nơi bán Canon PowerShot G7 X Mark II cập nhật mới nhất 2021,,,
Canon Powershot Sx240 Hs - Mỹ / Canada (Cũ),3.500.000,4.3,3 đánh giá
Canon Powershot A3400 Is - Mỹ / Canada,1.700.000,4.2,11 đánh giá
Sony Cybershot Dsc-w650 (Cũ),1.500.000,3.7,3 đánh giá
Canon Ixus 125 Hs (powershot Elph 110 Hs) - Châu âu (Cũ),2.000.000,4.0,8 đánh giá
Canon Powershot A2400 Is - Mỹ / Canada,1.400.000,4.2,9 đánh giá
Sony Cybershot Dsc-w670 (bc E32/ Lc E32/ Pc E32/ Rc E32/ Sc E32),2.200.000,4.2,12 đánh giá
Samsung Multiview Mv800 (ec-mv800zbdbvn),2.100.000,4.0,7 đánh giá
Nikon Coolpix S4150,2.000.000,4.0,1 đánh giá
Nikon Coolpix L310,3.000.000,4.0,8 đánh giá
Nikon Coolpix Aw100,3.000.000,4.0,1 đánh giá
Olympus Xz-1,6.150.000,4.0,3 đánh giá
Canon Powershot G11 - Mỹ / Canada (Cũ),2.500.000,4.0,6 đánh giá
Samsung St150f (Cũ),1.100.000,3.5,2 đánh giá
Máy ảnh Sony Dsc-rx100m6,18.000.000,,
Canon Powershot A3100 Is - Mỹ / Canada (Cũ),1.000.000,4.4,8 đánh giá
Canon Powershot A3000 Is - Mỹ / Canada (Cũ),1.000.000,4.0,5 đánh giá
Samsung Es90,1.000.000,4.5,2 đánh giá
Sony Cybershot Dsc-tx20,4.500.000,4.0,1 đánh giá
Sony Cybershot Dsc-w830 Black,2.500.000,4.2,10 đánh giá
Panasonic Lumix Dmc-lx7,3.500.000,4.3,4 đánh giá
Fujifilm Xf1,4.600.000,4.3,3 đánh giá
Panasonic Lumix Dmc-ft3,3.500.000,5.0,1 đánh giá
Fujifilm Finepix X20,6.700.000,4.0,1 đánh giá
Casio Tr100,14.000.000,4.0,1 đánh giá
Olympus Camedia Fe-190,1.000.000,3.0,2 đánh giá
Sony Cyber-shot Dsc-wx500 Black (Cũ),4.300.000,3.6,5 đánh giá
Panasonic Lumix Dmc-fz5,1.500.000,4.0,1 đánh giá
Panasonic Lumix Dmc-s2 (Cũ),1.100.000,4.0,1 đánh giá
Nikon Coolpix L28,1.800.000,4.3,3 đánh giá
Nikon Coolpix S5200,2.390.000,3.5,2 đánh giá
Canon Powershot Sx170 Is (Cũ),2.600.000,4.0,3 đánh giá
Canon Powershot S95 - Mỹ / Canada,2.500.000,4.3,3 đánh giá
Panasonic Lumix Dmc-fx100 (Cũ),800.000,4.0,2 đánh giá
Panasonic Lumix Dmc-f3gf (Cũ),600.000,5.0,1 đánh giá
Canon Powershot Sx620 Hs Black (Cũ),3.800.000,4.0,3 đánh giá
Sony Cyber-shot Dsc-wx500 Black,5.400.000,3.6,5 đánh giá
Nikon Coolpix S8000,2.700.000,4.0,2 đánh giá
Nikon Coolpix L21,1.000.000,4.0,3 đánh giá
Canon Ixy Digital 510 Is (powershot Sd960 Is Digital Elph / Digital Ixus 110 Is) - Nhật,2.200.000,,
Sony Cybershot Dsc-hx5v,3.500.000,4.0,1 đánh giá
Panasonic Lumix Dmc-fp1 (Cũ),1.500.000,4.3,3 đánh giá
Canon Ixus 1000 Hs (powershot Sd4500 Is/ Ixy 50s) - Châu âu,3.100.000,4.2,5 đánh giá
Sony Cybershot Dsc-h400,4.500.000,4.7,7 đánh giá
Fujifilm Instax Mini 50s,2.950.000,4.3,3 đánh giá
Máy ảnh Canon Powershot Sx740hs,7.000.000,,
Canon Ixus 105 Is (powershot Sd1300 Is / Ixy Digital 200f Is) - Châu âu (Cũ),1.000.000,4.3,11 đánh giá
Sony Cybershot Dsc-wx300,2.800.000,4.3,3 đánh giá
Canon Powershot S110 - Mỹ / Canada (Cũ),2.500.000,4.0,5 đánh giá
Canon Ixus 160 (powershot Elph 160),1.900.000,3.8,4 đánh giá
Sony Cybershot Dsc-wx200 Back,3.300.000,4.3,4 đánh giá
Sony Cyber-shot Dsc-hx90v,5.500.000,4.6,7 đánh giá
Danh sách nơi bán Nikon Coolpix AW130 Yellow cập nhật mới nhất 2021,,,
Danh sách nơi bán Canon PowerShot SX710 HS cập nhật mới nhất 2021,,,
Danh sách nơi bán Sony Cybershot DSC-WX350 White cập nhật mới nhất 2021,,,
Danh sách nơi bán Máy ảnh Sony DSC-RX100M6 cập nhật mới nhất 2021,,,
Danh sách nơi bán Canon PowerShot SX620 HS Black cập nhật mới nhất 2021,,,
Danh sách nơi bán Canon IXUS 135 - Châu Âu cập nhật mới nhất 2021,,,
Danh sách nơi bán Sony Cybershot DSC-RX100 cập nhật mới nhất 2021,,,
Danh sách nơi bán Sony CyberShot DSC-H300 cập nhật mới nhất 2021,,,
Danh sách nơi bán Máy ảnh Sony DSC-RX100M5A Zeiss lens cập nhật mới nhất 2021,,,
Canon Powershot Sx170 Is,3.100.000,4.0,3 đánh giá
Sony Cybershot Dsc-hx60v,8.200.000,4.5,2 đánh giá
Samsung Multiview Mv900f (ec-mv900fbdbvn),3.500.000,5.0,1 đánh giá
Canon Powershot Sx30 Is - Mỹ / Canada (Cũ),3.100.000,4.1,70 đánh giá
Canon Powershot Elph 340 Hs (ixus 265 Hs),2.750.000,,
Máy ảnh Sony Dsc-rx100m5a Zeiss Lens,13.000.000,,
Sony Cybershot Dsc-w830 Black,2.400.000,4.2,10 đánh giá
Sony Cybershot Dsc-h400,4.500.000,4.7,7 đánh giá
Canon Ixus 130 Is (powershot Sd1400 Is / Ixy Digital 400f Is) - Châu âu,1.300.000,3.5,4 đánh giá
Sony Cybershot Dsc-w800 Silver (Cũ),1.000.000,4.0,6 đánh giá
Canon Powershot A3500 Is - Mỹ / Canada,1.900.000,,
Samsung St65 (ec-st65zzbdrvn/ Ec-st65zzbdsvn) (Cũ),900.000,5.0,2 đánh giá
Canon Powershot Sx700 Hs,4.700.000,4.4,5 đánh giá
Canon Ixus 145,1.700.000,4.3,3 đánh giá
Fujifilm Instax 210,2.149.000,5.0,1 đánh giá
Canon Powershot Sd3500 Is (ixus 210 Is / Ixy Digital 10s Is) - Mỹ / Canada (Cũ),1.200.000,5.0,1 đánh giá
Canon Ixus 160 (powershot Elph 160),1.500.000,3.8,4 đánh giá
Canon Ixus 145,1.400.000,4.3,3 đánh giá
Nikon Coolpix Aw110 (Cũ),4.000.000,5.0,1 đánh giá
Máy ảnh Canon Powershot Sx740hs,6.500.000,,
Canon Powershot A640 - Mỹ / Canada,2.500.000,4.0,3 đánh giá
Canon Powershot Sx30 Is - Mỹ / Canada,4.800.000,4.1,70 đánh giá
Fujifilm Xq2,7.750.000,4.0,1 đánh giá
Nikon Coolpix P530 (Cũ),3.500.000,4.0,2 đánh giá
Canon Ixus 140 (powershot Elph 130 Is) - Châu âu (Cũ),2.000.000,4.0,3 đánh giá
Nikon Coolpix S9600,5.500.000,5.0,1 đánh giá
Canon Powershot Sx700 Hs (Cũ),3.200.000,4.4,5 đánh giá
Canon Ixus 850 Is (powershot Sd800 Is / Ixy 900 Is) - Châu âu (Cũ),1.500.000,,
Canon Ixy Digital 200f Is (ixus 105 Is / Powershot Sd1300 Is) - Nhật (Cũ),1.000.000,4.3,33 đánh giá
Canon Powershot Sd1300 Is (ixus 105 Is / Ixy Digital 200f Is) - Mỹ / Canada (Cũ),1.000.000,4.0,33 đánh giá
Sony Cybershot Dsc-hx60v (Cũ),3.800.000,4.5,2 đánh giá
Sony Cybershot Dsc-hx400,9.500.000,,
Canon Powershot G1 X (g1x) Mark Ii,8.000.000,4.7,3 đánh giá
Sony Cybershot Dsc-h400,3.400.000,4.7,7 đánh giá
Canon Powershot G11 - Mỹ / Canada (Cũ),3.000.000,4.0,6 đánh giá
Canon Ixus 160 (powershot Elph 160),1.900.000,3.8,4 đánh giá
Canon Powershot Elph 340 Hs (ixus 265 Hs),2.800.000,,
Samsung Pl50 (Cũ),790.000,3.0,1 đánh giá
Canon Powershot G1 X (g1x) Mark Ii,11.600.000,4.7,3 đánh giá
Sony Cyber-shot Dsc-wx500 Black,6.400.000,3.6,5 đánh giá
Canon Powershot Sx530 Hs,5.500.000,5.0,4 đánh giá
Canon Powershot Sx620 Hs Black,4.700.000,4.0,3 đánh giá
Panasonic Lumix Dmc-fx60 (Cũ),1.000.000,,
Panasonic Lumix Dmc-fh8 (Cũ),1.600.000,,
Canon Powershot Sx420 Is Black (Cũ),2.600.000,3.7,3 đánh giá
Canon Powershot Sx530 Hs,3.800.000,5.0,4 đánh giá
Canon Powershot G7 X,7.900.000,4.2,5 đánh giá
Canon Powershot S110 - Mỹ / Canada (Cũ),3.000.000,4.0,5 đánh giá
Canon Ixus 160 (powershot Elph 160),1.900.000,3.8,4 đánh giá
Sony Cybershot Dsc-wx200 Back,3.300.000,4.3,4 đánh giá
Sony Cyber-shot Dsc-hx90v,5.500.000,4.6,7 đánh giá
Danh sách nơi bán Sony CyberShot DSC-H300 cập nhật mới nhất 2021,,,
Danh sách nơi bán Ricoh GR Mark II cập nhật mới nhất 2021,,,
Danh sách nơi bán Canon PowerShot SX710 HS cập nhật mới nhất 2021,,,
Danh sách nơi bán Sony Cybershot DSC-RX100 cập nhật mới nhất 2021,,,
Danh sách nơi bán Ricoh GR II Silver cập nhật mới nhất 2021,,,
Danh sách nơi bán Nikon Coolpix AW130 Yellow cập nhật mới nhất 2021,,,
Danh sách nơi bán Canon IXUS 285 HS Black cập nhật mới nhất 2021,,,
Danh sách nơi bán Máy ảnh Sony DSC-RX100M6 cập nhật mới nhất 2021,,,
Danh sách nơi bán Sony Cybershot DSC-W810 cập nhật mới nhất 2021,,,
Panasonic Lumix Dmc-fh20 / Fs30 (Cũ),1.300.000,2.0,2 đánh giá
Sjcam Sj5000x Elite 4k Wifi,4.100.000,3.5,2 đánh giá
Sjcam Sj4000 Wifi,2.200.000,4.0,2 đánh giá
Sjcam Sj4000+ Plus Wifi,3.200.000,4.0,1 đánh giá
Canon Powershot S100 - Mỹ / Canada,2.800.000,4.2,56 đánh giá
Canon Powershot Sx410 Is Red (Cũ),3.000.000,4.5,2 đánh giá
Máy ảnh Sony Cybershot Dsc-wx220 Black,3.450.000,5.0,2 đánh giá
Canon Powershot Elph 160 Silver-mỹ/canada (Cũ),1.200.000,5.0,1 đánh giá
Canon Powershot Elph 160 Silver-mỹ/canada,1.200.000,5.0,1 đánh giá
Canon Powershot Sx730 Hs Black,7.300.000,5.0,5 đánh giá
Nikon Coolpix S6100 (Cũ),1.000.000,4.0,2 đánh giá
Canon Powershot Elph 160 Black-mỹ/canada,1.500.000,4.5,2 đánh giá
Canon Powershot Sx40 Hs - Mỹ / Canada (Cũ),3.800.000,4.5,20 đánh giá
Canon Ixus 185 Black,2.200.000,4.5,2 đánh giá
Canon Powershot Sx620 Hs Silver,4.600.000,5.0,1 đánh giá
Canon Powershot A640 - Mỹ / Canada (Cũ),1.500.000,4.0,3 đánh giá
Casio Exilim Ex-zr60 (Cũ),3.500.000,4.7,3 đánh giá
Máy ảnh Canon Powershot Sx740 Hs,7.000.000,4.0,1 đánh giá
Canon Powershot Sx730 Hs Black (Cũ),4.800.000,5.0,5 đánh giá
Máy ảnh Canon Powershot Sx740 Hs,6.500.000,4.0,1 đánh giá
Canon Powershot Sx620 Hs Silver (Cũ),3.800.000,5.0,1 đánh giá
Panasonic Lumix Dmc-fz2500 (lumix Dmc-fz2000),17.000.000,,
Canon Powershot A2600 - Mỹ / Canada,1.200.000,4.0,3 đánh giá
Canon Powershot S3 Is - Mỹ / Canada (Cũ),1.500.000,4.0,4 đánh giá
Sony Cybershot Dsc-w730 (gc E32/ Lc E32/ Pc E32/ Bc E32/ Sc E32),2.600.000,4.7,6 đánh giá
Máy ảnh Compact Canon G9x Mk Ii (Cũ),8.500.000,,
Fujifilm Finepix S2950 / S2990 (Cũ),1.400.000,4.3,7 đánh giá
Sony Cybershot Dsc-w810,2.050.000,5.0,6 đánh giá
Canon Powershot G15 - Mỹ / Canada,3.400.000,4.6,7 đánh giá
Panasonic Lumix Dmc-f3 (Cũ),700.000,4.1,7 đánh giá
Nikon Coolpix P310,4.400.000,4.0,3 đánh giá
Sony Cybershot Dsc-h55,1.400.000,5.0,1 đánh giá
Olympus Stylus-9010 (olympus Mju-9010 / Olympus µ-9010),2.000.000,,
Fujifilm Finepix Hs25exr / Hs28exr,6.000.000,2.5,2 đánh giá
Panasonic Lumix Dmc-fz45 / Fz40,5.000.000,4.5,2 đánh giá
Sony Cybershot Dsc-w730 (gc E32/ Lc E32/ Pc E32/ Bc E32/ Sc E32) (Cũ),950.000,4.7,6 đánh giá
Nikon Coolpix S3500 (Cũ),1.500.000,5.0,1 đánh giá
Canon Ixus 1100 Hs (powershot Elph 510 Hs / Ixy 51s) - Châu âu (Cũ),1.800.000,3.5,4 đánh giá
Canon Powershot Elph 310 Hs (ixus 230 Hs / Ixy 600f) - Mỹ / Canada,2.200.000,3.7,3 đánh giá
Sony Cybershot Dsc-w630 (bc E32/ Nc E32/ Pc E32/ Sc E32/ Vc E32),1.800.000,4.0,8 đánh giá
Canon Powershot A3350 Is - Mỹ / Canada,2.500.000,,
Sony Cybershot Dsc-w630 (bc E32/ Nc E32/ Pc E32/ Sc E32/ Vc E32)  (Cũ),1.200.000,4.0,8 đánh giá
Sony Cybershot Dsc-hx10v (bc E32/ Rc E32/ Sc E32/ Wc E32),4.000.000,4.0,3 đánh giá
Fujifilm Finepix S3300 / S3350,4.300.000,3.5,2 đánh giá
Fujifilm Finepix S4300,2.839.000,4.5,2 đánh giá
Nikon Coolpix S8200,4.400.000,5.0,1 đánh giá
Fujifilm Finepix S4500 (Cũ),2.000.000,4.4,8 đánh giá
Canon Powershot Sd1200 Is (digital Ixus 95 Is / Ixy Digital 110 Is) - Mỹ / Canada (Cũ),1.000.000,4.0,3 đánh giá
Canon Ixus 160 (powershot Elph 160),1.900.000,3.8,4 đánh giá
Sony Cybershot Dsc-wx200 Back,3.300.000,4.3,4 đánh giá
Sony Cyber-shot Dsc-hx90v,5.500.000,4.6,7 đánh giá
Danh sách nơi bán Nikon Coolpix AW130 Yellow cập nhật mới nhất 2021,,,
Danh sách nơi bán Canon PowerShot SX620 HS Black cập nhật mới nhất 2021,,,
Danh sách nơi bán Canon PowerShot ELPH 115 IS (IXUS 132) - Mỹ / Canada cập nhật mới nhất 2021,,,
Danh sách nơi bán Sony Cybershot DSC-W810 cập nhật mới nhất 2021,,,
Danh sách nơi bán Sony Cyber-shot DSC-H400 cập nhật mới nhất 2021,,,
Danh sách nơi bán Sony CyberShot DSC-H300 cập nhật mới nhất 2021,,,
Danh sách nơi bán Canon PowerShot SX540 HS cập nhật mới nhất 2021,,,
Danh sách nơi bán Máy ảnh Sony DSC-RX100M6 cập nhật mới nhất 2021,,,
Danh sách nơi bán Canon IXUS 285 HS Black cập nhật mới nhất 2021,,,
Sony Cybershot Dsc-wx150 (Cũ),1.600.000,4.2,5 đánh giá
Canon Powershot Sx730 Hs Silver (Cũ),4.800.000,4.5,2 đánh giá
Panasonic Lumix Dmc-f2,1.500.000,4.7,3 đánh giá
Canon Powershot Sd4500 Is (canon Ixus 1000 Hs/ Ixy 50s) - Mỹ / Canada,2.800.000,4.0,1 đánh giá
Sony Cybershot Dsc-hx60,7.700.000,5.0,1 đánh giá
Sony Cybershot Dsc-wx5,3.000.000,5.0,2 đánh giá
Sony Cybershot Dsc-w290,1.300.000,4.0,1 đánh giá
Canon Ixus 860 Is (powershot Sd870 Is / Ixy 910 Is) - Châu âu (Cũ),1.200.000,,
Máy ảnh Canon Powershot G7x Mark Ii (Cũ),8.500.000,,
Sony Cybershot Dsc-t110d/w (Cũ),2.200.000,,
Fujifilm S9800,4.750.000,5.0,2 đánh giá
Sony Cybershot Dsc-hx20v,3.000.000,4.5,2 đánh giá
Máy ảnh Canon Eos M50 (eos Kiss M) (Cũ),12.000.000,4.3,7 đánh giá
Sony Cybershot Dsc-hx9v (Cũ),3.000.000,4.0,4 đánh giá
Samsung St200f / St200fa,2.100.000,4.0,1 đánh giá
Máy ảnh Số Sony Cybershot Dsc-w310 Pink,1.300.000,3.6,12 đánh giá
Panasonic Lumix Dmc-tz3,2.500.000,3.6,5 đánh giá
Canon Powershot Elph 510 Hs (ixus 1100 Hs / Ixy 51s) - Mỹ / Canada (Cũ),1.800.000,,
Panasonic Lumix Dmc-tz3 (Cũ),1.700.000,3.6,5 đánh giá
Samsung Pl100  (Cũ),1.000.000,4.7,3 đánh giá
Nikon Coolpix S01 (Cũ),1.800.000,5.0,1 đánh giá
Sony Cybershot Dsc-tx66,5.400.000,4.0,2 đánh giá
Nikon Coolpix S2500,1.200.000,4.0,40 đánh giá
Samsung Es30,1.300.000,,
Sony Cybershot Dsc-t70,1.600.000,4.0,1 đánh giá
Nikon Coolpix S6200,1.900.000,3.0,1 đánh giá
Canon Powershot Sx120 Is - Mỹ / Canada (Cũ),1.500.000,3.8,25 đánh giá
Nikon Coolpix S230 (Cũ),1.000.000,,
Nikon Coolpix S3500 (Cũ),1.000.000,5.0,1 đánh giá
Sony Cybershot Dsc-hx50v,3.650.000,4.7,3 đánh giá
Canon Digital Ixus 100 Is (powershot Sd780 Is / Ixy Digital 210 Is) - Châu âu,1.200.000,4.0,7 đánh giá
Sony Cybershot Dsc-w510 (Cũ),800.000,4.2,44 đánh giá
Sony Cybershot Dsc-w330,750.000,4.0,3 đánh giá
Olympus Camedia Fe-340 (Cũ),800.000,,
Samsung Es80 (Cũ),800.000,3.8,4 đánh giá
Sony Cybershot Dsc-t90 (Cũ),2.200.000,4.5,2 đánh giá
Sony Cybershot Dsc-t70 (Cũ),1.600.000,4.0,1 đánh giá
Sony Cybershot Dsc-t77 (Cũ),2.500.000,3.9,35 đánh giá
Nikon Coolpix L320,3.900.000,,
Canon Powershot Sx110 Is - Mỹ / Canada (Cũ),1.900.000,3.8,6 đánh giá
Canon Powershot G1 X / G1x - Mỹ / Canada,4.400.000,4.4,14 đánh giá
Sony Cybershot Dsc-tx7,2.300.000,3.0,1 đánh giá
Panasonic Lumix Dmc-fx28,3.300.000,,
Sony Cybershot Dsc-w810,1.950.000,5.0,6 đánh giá
Canon Powershot A2600 - Mỹ / Canada,2.000.000,4.0,3 đánh giá
Gopro Hero3+,8.300.000,4.0,2 đánh giá
Sony Cybershot Dsc-w300 (Cũ),2.300.000,3.0,2 đánh giá
Canon Powershot Sd960 Is Digital Elph (digital Ixus 110 Is / Ixy Digital 510 Is) - Mỹ / Canada (Cũ),2.200.000,4.0,2 đánh giá
Canon Ixus 160 (powershot Elph 160),1.900.000,3.8,4 đánh giá
Sony Cybershot Dsc-wx200 Back,3.300.000,4.3,4 đánh giá
Sony Cyber-shot Dsc-hx90v,5.500.000,4.6,7 đánh giá
Danh sách nơi bán Canon EOS M6 + Kit 15-45mm IS STM (màu bạc) cập nhật mới nhất 2021,,,
Danh sách nơi bán Sony Cybershot DSC-RX100 cập nhật mới nhất 2021,,,
Danh sách nơi bán Nikon Coolpix AW130 Yellow cập nhật mới nhất 2021,,,
Danh sách nơi bán Ricoh GR II Silver cập nhật mới nhất 2021,,,
Danh sách nơi bán Canon PowerShot SX540 HS cập nhật mới nhất 2021,,,
Danh sách nơi bán Ricoh GR Mark II cập nhật mới nhất 2021,,,
Danh sách nơi bán Canon IXUS 285 HS Silver cập nhật mới nhất 2021,,,
Danh sách nơi bán Canon PowerShot SX620 HS Black cập nhật mới nhất 2021,,,
Danh sách nơi bán Sony Cybershot DSC-W810 cập nhật mới nhất 2021,,,
Samsung Dv150f (Cũ),1.100.000,4.3,4 đánh giá
Canon Powershot Sx510 Hs,4.600.000,4.8,4 đánh giá
Canon Powershot G1 X / G1x - Mỹ / Canada (Cũ),5.500.000,4.4,14 đánh giá
Panasonic Lumix Dmc-fh5 (lumix Dmc-fs18) (Cũ),1.200.000,3.0,1 đánh giá
Canon Powershot Elph 130 Is (ixus 140) - Mỹ / Canada (Cũ),2.000.000,4.0,2 đánh giá
Fujifilm Finepix S2980 (Cũ),1.600.000,4.3,18 đánh giá
Canon Powershot D30,6.400.000,4.0,2 đánh giá
Máy ảnh Số Sony Cybershot Dsc-w310 Pink,900.000,3.6,12 đánh giá
Canon Powershot Sx110 Is - Mỹ / Canada (Cũ),2.700.000,3.8,6 đánh giá
Sony Cybershot Dsc-h70,1.500.000,4.7,3 đánh giá
Sony Cyber-shot Dsc-rx100 Vi (20.1mp),26.500.000,,
Canon Ixus 275 Hs Black - Nhật,2.900.000,,
Nikon Coolpix S3200,1.300.000,4.0,3 đánh giá
Sony Cybershot Dsc-w830 Violet (Cũ),1.800.000,5.0,1 đánh giá
Canon Powershot G7 X Mark Ii,10.900.000,4.7,17 đánh giá
Sony Cyber-shot Dsc-rx100 V,20.200.000,4.5,4 đánh giá
Fujifilm Finepix S3280 (Cũ),2.200.000,4.5,2 đánh giá
Canon Powershot A1000 Is - Mỹ / Canada,700.000,4.3,3 đánh giá
Panasonic Lumix Dmc-fs25 (Cũ),1.200.000,,
Panasonic Lumix Dmc-tz18 (Cũ),1.800.000,4.0,2 đánh giá
Canon Powershot G9 X Black,7.200.000,4.0,2 đánh giá
Canon Powershot G5 X,14.400.000,4.5,6 đánh giá
Canon Powershot G9 X Black,8.300.000,4.0,2 đánh giá
Nikon Coolpix L840 Black,4.300.000,5.0,2 đánh giá
Panasonic Lumix Dmc-fz70,4.500.000,4.5,2 đánh giá
Nikon Coolpix L840 Black,3.900.000,5.0,2 đánh giá
Canon Ixus 175 Silver,2.120.000,4.8,4 đánh giá
Sony Cybershot Dsc-w830 Silver,2.350.000,4.0,4 đánh giá
Sony Cybershot Dsc-w830 Silver,1.300.000,4.0,4 đánh giá
Fujifilm X100t (Cũ),9.000.000,5.0,3 đánh giá
Nikon Coolpix S9900 Silver,4.700.000,4.7,3 đánh giá
Panasonic Lumix Dmc-zs40 (lumix Dmc-tz60),5.800.000,,
Sony Cyber-shot Dsc-h300/b Black,3.550.000,4.0,3 đánh giá
Canon Powershot Sx540 Hs,4.700.000,3.8,4 đánh giá
Fujifilm Instax Mini 25 (Cũ),1.700.000,4.3,8 đánh giá
Nikon Coolpix S6300,1.400.000,4.0,1 đánh giá
Casio Exilim Ex-zr50,4.500.000,4.8,4 đánh giá
Canon Powershot Sx730 Hs Silver,6.800.000,4.5,2 đánh giá
Canon Powershot Sx540 Hs,6.800.000,3.8,4 đánh giá
Sony Cybershot Dsc-rx100 Iii,8.500.000,4.5,4 đánh giá
Sony Cyber-shot Dsc-rx100 Iii,9.500.000,4.7,3 đánh giá
Canon Ixus 175 Silver,2.200.000,4.8,4 đánh giá
Sony Cybershot Dsc-rx100 Iii,13.500.000,4.5,4 đánh giá
Sony Cyber-shot Dsc-hx90 (Cũ),5.500.000,,
Máy ảnh Số Canon Powershot G1 X Mark Ii,11.500.000,5.0,2 đánh giá
Sony Cybershot Dsc-w810,1.950.000,5.0,6 đánh giá
Canon Powershot Sx430 Is,4.500.000,4.5,4 đánh giá
Canon Ixus 285 Hs Silver,4.900.000,4.3,3 đánh giá
Canon Ixus 160 (powershot Elph 160),1.900.000,3.8,4 đánh giá
Sony Cybershot Dsc-wx200 Back,3.300.000,4.3,4 đánh giá
Sony Cyber-shot Dsc-hx90v,5.500.000,4.6,7 đánh giá
Danh sách nơi bán Fujifilm FinePix JX250 cập nhật mới nhất 2021,,,
Danh sách nơi bán Canon PowerShot ELPH 115 IS (IXUS 132) - Mỹ / Canada cập nhật mới nhất 2021,,,
Danh sách nơi bán Sony Cybershot DSC-W810 cập nhật mới nhất 2021,,,
Danh sách nơi bán Sony Cybershot DSC-W830 Black cập nhật mới nhất 2021,,,
Danh sách nơi bán Sony Cyber-shot DSC-H400 cập nhật mới nhất 2021,,,
Danh sách nơi bán Canon PowerShot SX540 HS cập nhật mới nhất 2021,,,
Danh sách nơi bán Canon EOS M6 + Kit 15-45mm IS STM (màu bạc) cập nhật mới nhất 2021,,,
Danh sách nơi bán Nikon Coolpix AW130 Yellow cập nhật mới nhất 2021,,,
Danh sách nơi bán Sony Cyber-shot DSC - RX100M4 cập nhật mới nhất 2021,,,
Máy ảnh Canon Eos M50 (eos Kiss M),12.500.000,4.3,7 đánh giá
Canon Powershot G7 X Mark Ii,10.700.000,4.7,17 đánh giá
Máy ảnh Canon Powershot G7x Mark Ii,11.000.000,,
Sony Cybershot Dsc-hx60 (Cũ),5.000.000,5.0,1 đánh giá
Canon Powershot G15 - Mỹ / Canada (Cũ),3.500.000,4.6,7 đánh giá
Canon Powershot Sx430 Is (Cũ),3.200.000,4.5,4 đánh giá
Panasonic Lumix Dmc-fz150,8.900.000,4.5,2 đánh giá
Casio Exilim Zoom Ex-z2,1.500.000,,
Fujifilm X10 (Cũ),4.500.000,4.0,2 đánh giá
Panasonic Lumix Dmc-lx5 (Cũ),3.300.000,4.5,4 đánh giá
Sony Cyber-shot Dsc-rx10m3 (Cũ),24.500.000,5.0,1 đánh giá
Canon Powershot Sx420 Is Red (Cũ),2.600.000,4.0,3 đánh giá
Canon Ixy 430f (ixus 245 Hs) - Nhật,3.200.000,4.7,3 đánh giá
Sony Cybershot Dsc-tx30,6.000.000,,
Sony Cybershot Dsc-s2000 Silver (Cũ),600.000,4.0,1 đánh giá
Olympus Stylus-1040 (olympus Mju-1040 / Olympus µ-1040 ),1.000.000,,
Canon Powershot Elph 100 ( Ixus 115 Hs / Ixy 210f ) - Mỹ / Canada (Cũ),1.000.000,4.5,2 đánh giá
Canon Powershot Sd4000 Is (canon Ixus 300 Hs/ Ixy Digital 30s) - Mỹ / Canada (Cũ),2.000.000,3.3,3 đánh giá
Canon Ixy 32s - Nhật,2.400.000,4.2,6 đánh giá
Canon Powershot Elph 300 Hs ( Ixus 220 Hs / Ixy 410f ) - Mỹ / Canada (Cũ),1.300.000,3.0,1 đánh giá
Canon Ixus 230 Hs (powershot Elph 310 Hs / Ixy 600f) - Châu âu,2.100.000,3.7,9 đánh giá
Canon Powershot G7 - Mỹ / Canada (Cũ),2.000.000,3.5,2 đánh giá
Nikon Coolpix S7000,4.000.000,4.5,2 đánh giá
Canon Ixy Digital 30s (ixus 300 Hs/ Powershot Sd4000 Is) - Nhật,1.600.000,4.0,2 đánh giá
Canon Powershot Elph 110 Hs (ixus 125 Hs) - Mỹ / Canada (Cũ),2.000.000,4.0,1 đánh giá
Canon Ixus 240 Hs (powershot Elph 320 Hs / Ixy 420f) - Châu âu,3.500.000,5.0,6 đánh giá
Canon Ixus 220 Hs (powershot Elph 300 Hs / Ixy 410f) - Châu âu,2.400.000,4.6,16 đánh giá
Sony Cybershot Dsc-tx55,5.050.000,4.3,9 đánh giá
Nikon Coolpix S3300,1.500.000,4.0,8 đánh giá
Nikon Coolpix S4100,1.800.000,4.2,5 đánh giá
Canon Ixus 300 Hs (powershot Sd4000 Is / Ixy Digital 30s) - Châu âu (Cũ),2.000.000,3.5,2 đánh giá
Fujifilm X10 (Cũ),4.300.000,4.0,2 đánh giá
Fujifilm Finepix X100,9.000.000,5.0,1 đánh giá
Canon Powershot G10 - Mỹ / Canada (Cũ),4.000.000,4.3,72 đánh giá
Olympus X-42 (Cũ),800.000,,
Canon Powershot Sx160 Is - Mỹ / Canada (Cũ),2.200.000,5.0,4 đánh giá
Nikon Coolpix W100 Blue,3.600.000,5.0,2 đánh giá
Canon Powershot G9 - Mỹ / Canada (Cũ),2.500.000,3.8,8 đánh giá
Fujfilm Finepix Xp70,3.600.000,,
Canon Powershot Elph 530 Hs (ixus 510 Hs / Ixy 1) - Mỹ / Canada,2.500.000,5.0,2 đánh giá
Panasonic Lumix Dmc-fz200 (Cũ),4.500.000,4.5,2 đánh giá
Panasonic Lumix Dmc-zs7 / Tz10,1.750.000,4.0,3 đánh giá
Nikon Coolpix S800c,2.900.000,4.0,1 đánh giá
Máy ảnh Số Sony Cybershot Dsc-w350 Black,1.700.000,4.2,5 đánh giá
Panasonic Lumix Dmc-fs15,1.400.000,,
Canon Powershot Elph 115 Is (ixus 132) - Mỹ / Canada (Cũ),1.500.000,4.5,2 đánh giá
Canon Powershot Elph 115 Is (ixus 132) - Mỹ / Canada,2.200.000,4.5,2 đánh giá
Canon Powershot Sx270 Hs - Mỹ / Canada,4.450.000,4.5,2 đánh giá
Canon Ixus 160 (powershot Elph 160),1.900.000,3.8,4 đánh giá
Sony Cybershot Dsc-wx200 Back,3.300.000,4.3,4 đánh giá
Sony Cyber-shot Dsc-hx90v,5.500.000,4.6,7 đánh giá
Danh sách nơi bán Canon PowerShot ELPH 115 IS (IXUS 132) - Mỹ / Canada cập nhật mới nhất 2021,,,
Danh sách nơi bán Nikon Coolpix AW130 Blue cập nhật mới nhất 2021,,,
Danh sách nơi bán Ricoh GR Mark II cập nhật mới nhất 2021,,,
Danh sách nơi bán Canon IXUS 135 - Châu Âu cập nhật mới nhất 2021,,,
Danh sách nơi bán Sony Cybershot DSC-W810 cập nhật mới nhất 2021,,,
Danh sách nơi bán Ricoh GR II Silver cập nhật mới nhất 2021,,,
Danh sách nơi bán Canon PowerShot G7 X Mark II cập nhật mới nhất 2021,,,
Danh sách nơi bán Nikon Coolpix P900 cập nhật mới nhất 2021,,,
Danh sách nơi bán Canon IXUS 285 HS Black cập nhật mới nhất 2021,,,
Kodak Z650,1.100.000,4.0,1 đánh giá
Nikon Coolpix S9500,4.500.000,5.0,3 đánh giá
Panasonic Lumix Dmc-zs8,2.200.000,4.0,1 đánh giá
Fujifilm Finepix Real 3d W3 (Cũ),3.000.000,4.5,4 đánh giá
Canon Powershot Sx270 Hs - Mỹ / Canada,5.700.000,4.5,2 đánh giá
Sony Cybershot Dsc-wx100 (b E32/ P E32/ S E32),2.500.000,4.1,7 đánh giá
Sony Cyber-shot Dsc-h400 (Cũ),3.400.000,4.5,4 đánh giá
Canon Powershot D20 - Mỹ / Canada,6.200.000,4.5,2 đánh giá
Nikon Coolpix S8100,2.900.000,4.5,2 đánh giá
Nikon Coolpix L830,3.000.000,4.0,2 đánh giá
Canon Ixus 870 Is (powershot Sd880 Is Digital Elph / Ixy Digital 920 Is) - Châu âu,2.200.000,4.0,3 đánh giá
Canon Eos M6 + Kit 15-45mm Is Stm (màu Bạc),11.000.000,5.0,4 đánh giá
Samsung Galaxy Camera 3g (galaxy Camera Gc100),3.900.000,4.4,8 đánh giá
Canon Powershot Sx200 Is - Mỹ / Canada,1.600.000,3.5,4 đánh giá
Olympus Tough Tg-610,3.000.000,,
Casio Exilim Ex-z270,1.400.000,,
Sony Cybershot Dsc-w530 (Cũ),1.000.000,3.9,35 đánh giá
Panasonic Lumix Dmc-fs3,900.000,3.6,5 đánh giá
Sony Cybershot Dsc-t500,2.000.000,5.0,3 đánh giá
Panasonic Lumix Dmc-sz1,3.500.000,,
Canon Powershot G16 (Cũ),4.800.000,4.8,4 đánh giá
Sony Cybershot Dsc-tx9,3.500.000,3.0,1 đánh giá
Sony Cyber-shot Dsc-qx10 (Cũ),3.000.000,4.3,3 đánh giá
Canon Ixus 80 Is (powershot Sd1100 Is / Ixy Digital 20 Is) - Châu âu (Cũ),1.500.000,4.0,1 đánh giá
Canon Ixus 255 Hs - Châu âu,3.800.000,5.0,2 đánh giá
Fujifilm Instax Mini 8,1.790.000,4.5,4 đánh giá
Sony Cybershot Dsc-rx100 Ii,6.300.000,4.7,7 đánh giá
Canon Ixy Digital 1000 (ixus 900 Ti / Powershot Sd900) - Nhật (Cũ),1.800.000,,
Panasonic Lumix Dmc-ts5 (lumix Dmc-ft5),6.500.000,4.0,1 đánh giá
Panasonic Lumix Dmc-fs42,1.100.000,4.0,1 đánh giá
Sony Cybershot Dsc-t700 (Cũ),1.600.000,4.7,3 đánh giá
Canon Powershot Elph 100 ( Ixus 115 Hs / Ixy 210f ) - Mỹ / Canada,2.000.000,4.5,2 đánh giá
Canon Eos M6 + Kit 15-45mm Is Stm (màu Bạc),11.000.000,5.0,4 đánh giá
Canon Ixus 220 Hs (powershot Elph 300 Hs / Ixy 410f) - Châu âu (Cũ),1.300.000,4.6,16 đánh giá
Canon Ixus 210 Is (powershot Sd3500 Is / Ixy Digital 10s Is) - Châu âu,1.200.000,4.4,5 đánh giá
Máy ảnh Canon G9 (Cũ),2.500.000,,
Nikon Coolpix P610 Red,6.500.000,,
Panasonic Lumix Dmc-zs30 (lumix Dmc-tz40),3.500.000,5.0,1 đánh giá
Nikon Coolpix L830,4.650.000,4.0,2 đánh giá
Canon Powershot A2200 - Mỹ / Canada (Cũ),1.400.000,4.1,29 đánh giá
Canon Powershot S200 (Cũ),3.000.000,5.0,1 đánh giá
Sony Cybershot Dsc-tx55,2.800.000,4.3,9 đánh giá
Canon Powershot A2200 - Mỹ / Canada (Cũ),1.000.000,4.1,29 đánh giá
Sony Cybershot Dsc-rx100 Ii,12.300.000,4.7,7 đánh giá
Panasonic Lumix Dmc-fh7 (Cũ),1.500.000,,
Sony Cybershot Dsc-tx100v,2.800.000,5.0,2 đánh giá
Nikon Coolpix Aw120,4.100.000,4.5,2 đánh giá
Canon Powershot Sx60 Hs,6.000.000,4.0,4 đánh giá
Canon Ixus 160 (powershot Elph 160),1.900.000,3.8,4 đánh giá
Sony Cybershot Dsc-wx200 Back,3.300.000,4.3,4 đánh giá
Sony Cyber-shot Dsc-hx90v,5.500.000,4.6,7 đánh giá
Danh sách nơi bán Sony Cyber-shot DSC-H400 cập nhật mới nhất 2021,,,
Danh sách nơi bán Máy ảnh Sony DSC-RX100M6 cập nhật mới nhất 2021,,,
Danh sách nơi bán Máy ảnh Sony DSC-RX100M5A Zeiss lens cập nhật mới nhất 2021,,,
Danh sách nơi bán Sony Cybershot DSC-WX350 White cập nhật mới nhất 2021,,,
Danh sách nơi bán Sony Cybershot DSC-W830 Black cập nhật mới nhất 2021,,,
Danh sách nơi bán Nikon Coolpix AW130 Blue cập nhật mới nhất 2021,,,
Danh sách nơi bán Canon PowerShot G7 X Mark II cập nhật mới nhất 2021,,,
Danh sách nơi bán Nikon Coolpix P900 cập nhật mới nhất 2021,,,
Danh sách nơi bán Canon PowerShot SX620 HS Black cập nhật mới nhất 2021,,,
Casio Exilim Ex-zr400,2.500.000,,
Canon Powershot Sx220 Hs - Mỹ / Canada (Cũ),2.500.000,4.3,4 đánh giá
Panasonic Lumix Dmc-sz8,1.500.000,4.0,1 đánh giá
Canon Powershot Sx60 Hs,8.500.000,4.0,4 đánh giá
Fujifilm Instax Mini 8,1.800.000,4.5,4 đánh giá
Canon Powershot Sx230 Hs - Mỹ / Canada (Cũ),1.700.000,4.0,20 đánh giá
Canon Powershot Sx400 Is (Cũ),2.000.000,4.5,4 đánh giá
Canon Powershot Sx400 Is,2.400.000,4.5,4 đánh giá
Sony Cybershot Dsc-s2000 Silver (Cũ),700.000,4.0,1 đánh giá
Sony Cybershot Dsc-t700 (Cũ),1.900.000,4.7,3 đánh giá
Sony Cyber-shot Dsc-qx30,6.700.000,4.0,2 đánh giá
Canon Powershot Elph 350 Hs (ixus 275 Hs) Silver,2.900.000,,
Nikon Coolpix P610 Black,7.900.000,4.5,2 đánh giá
Fujifilm Finepix Xp80,4.000.000,,
Panasonic Lumix Dmc-fh6 (Cũ),1.300.000,,
Panasonic Lumix Dmc-fp7 (Cũ),1.200.000,,
Panasonic Lumix Dmc-ts20 (dmc-ft20) (Cũ),1.800.000,,
Panasonic Lumix Dmc-sz7 (Cũ),1.400.000,5.0,1 đánh giá
Máy ảnh Nikon Coolpix P1000,20.000.000,5.0,2 đánh giá
Nikon Coolpix P610 Black,6.000.000,4.5,2 đánh giá
Canon Powershot Elph 110 Hs (ixus 125 Hs) - Mỹ / Canada,2.200.000,4.0,1 đánh giá
Nikon Coolpix S9900 Black,4.700.000,4.0,2 đánh giá
Panasonic Lumix Dmc-ts30 (lumix Dmc-ft30),3.500.000,,
Sony Cyber-shot Dsc-h400,4.800.000,4.5,4 đánh giá
Sony Cyber-shot Dsc-wx80/r Red (Cũ),1.400.000,4.0,1 đánh giá
Sony Cyber-shot Dsc-wx80/w White (Cũ),1.400.000,4.5,2 đánh giá
Panasonic Lumix Dmc-fz47 (lumix Dmc-fz48) (Cũ),4.500.000,4.0,3 đánh giá
Sony Cybershot Dsc-wx350 Pink,4.000.000,5.0,1 đánh giá
Canon Powershot Elph 520 Hs (ixus 500 Hs) - Mỹ / Canada,2.200.000,3.0,1 đánh giá
Sjcam Sj5000 Plus,3.800.000,4.5,2 đánh giá
Canon Powershot G10 - Mỹ / Canada (Cũ),3.000.000,4.3,72 đánh giá
Sony Cyber-shot Dsc-rx10 Ii,19.800.000,5.0,1 đánh giá
Sony Cybershot Dsc-wx350 Pink,4.700.000,5.0,1 đánh giá
Panasonic Lumix Dmc-zs60 (lumix Dmc-tz80) Silver (Cũ),5.500.000,,
Canon Ixus 285 Hs Black,4.900.000,3.0,2 đánh giá
Fujifilm Finepix S8600,1.800.000,4.0,2 đánh giá
Sony Cybershot Dsc-t110 (Cũ),2.200.000,2.5,4 đánh giá
Nikon Coolpix S3300 (Cũ),1.300.000,4.0,8 đánh giá
Panasonic Lumix Dmc-zs60 (lumix Dmc-tz80) Black (Cũ),5.500.000,,
Canon Ixus 255 Hs - Châu âu (Cũ),2.500.000,5.0,2 đánh giá
Máy ảnh Canon Eos M200 Kit Ef-m15-45mm F3.5-6.3 Is Stm/ đen,11.000.000,,
Nikon Coolpix P7100,5.500.000,4.0,2 đánh giá
Fujifilm Finepix Sl260,6.050.000,,
Canon Ixus 135 - Châu âu (Cũ),1.500.000,4.5,2 đánh giá
Nikon Coolpix L810 (Cũ),2.200.000,4.3,3 đánh giá
Nikon Coolpix P330,5.200.000,4.5,2 đánh giá
Canon Powershot A85 - Mỹ / Canada,1.800.000,,
Sony Cybershot Dsc-hx350,7.500.000,4.7,3 đánh giá
Canon Ixus 160 (powershot Elph 160),1.900.000,3.8,4 đánh giá
Sony Cybershot Dsc-wx200 Back,3.300.000,4.3,4 đánh giá
Sony Cyber-shot Dsc-hx90v,5.500.000,4.6,7 đánh giá
Danh sách nơi bán Sony Cybershot DSC-W830 Black cập nhật mới nhất 2021,,,
Danh sách nơi bán Sony Cyber-shot DSC - RX100M4 cập nhật mới nhất 2021,,,
Danh sách nơi bán Canon PowerShot G7 X Mark II cập nhật mới nhất 2021,,,
Danh sách nơi bán Nikon Coolpix AW130 Yellow cập nhật mới nhất 2021,,,
Danh sách nơi bán Canon PowerShot SX540 HS cập nhật mới nhất 2021,,,
Danh sách nơi bán Sony Cybershot DSC-W810 cập nhật mới nhất 2021,,,
Danh sách nơi bán Canon EOS M6 + Kit 15-45mm IS STM (màu bạc) cập nhật mới nhất 2021,,,
Danh sách nơi bán Canon PowerShot ELPH 115 IS (IXUS 132) - Mỹ / Canada cập nhật mới nhất 2021,,,
Danh sách nơi bán Máy ảnh Sony DSC-RX100M5A Zeiss lens cập nhật mới nhất 2021,,,
Canon Ixy 31s (powershot Elph 500 Hs / Ixus 310 Hs) - Nhật,2.700.000,4.3,3 đánh giá
Canon Powershot Sx50 Hs - Mỹ / Canada,4.300.000,4.4,25 đánh giá
Nikon Coolpix S200,1.800.000,4.0,2 đánh giá
Sony Cybershot Dsc-wx350,3.500.000,4.6,7 đánh giá
Canon Powershot A800 - Mỹ / Canada,750.000,4.0,20 đánh giá
Nikon Coolpix P500,3.000.000,4.2,10 đánh giá
Canon Powershot A4000 Is - Mỹ / Canada,1.600.000,4.0,23 đánh giá
Olympus Fe-4000 (Cũ),900.000,4.0,1 đánh giá
Canon Powershot A810 - Mỹ / Canada (Cũ),700.000,4.1,34 đánh giá
Canon Powershot Elph 320 Hs (ixy 420f / Ixus 240 Hs) - Mỹ / Canada,3.500.000,3.7,3 đánh giá
Nikon Coolpix P600,5.500.000,4.6,5 đánh giá
Canon Powershot Sx260 Hs - Mỹ / Canada,4.900.000,4.3,7 đánh giá
Nikon Coolpix S5100,1.700.000,3.0,2 đánh giá
Sony Cybershot Dsc-wx50 (bc E32/ Pc E32/ Sc E32/ Lc E32/ Nc E32),2.500.000,4.1,7 đánh giá
Canon Powershot Elph 320 Hs (ixy 420f / Ixus 240 Hs) - Mỹ / Canada,3.350.000,3.7,3 đánh giá
Sony Cybershot Dsc-t200 (Cũ),1.900.000,4.0,2 đánh giá
Canon Powershot Sx50 Hs - Mỹ / Canada,6.500.000,4.4,25 đánh giá
Canon Powershot A2500 - Mỹ / Canada,1.800.000,4.0,7 đánh giá
Samsung Digimax Nv20,1.800.000,,
Kodak Easyshare M532,2.000.000,,
Nikon Coolpix P7700,8.200.000,5.0,1 đánh giá
Sony Cyber-shot Dsc-hx90v,7.700.000,4.6,7 đánh giá
Fujifilm Finepix Xp10 / Xp11,1.300.000,,
Leica D-lux 6 G-star Raw,10.000.000,,
Canon Ixus 132 (powershot Elph 115 Is) - Châu âu,1.500.000,4.2,6 đánh giá
Fujifilm X100f Black,27.000.000,4.0,2 đánh giá
Canon Ixus 90 Is (powershot Sd790 Is / Ixy Digital 95 Is) - Châu âu,1.800.000,,
Máy ảnh Fujifilm X-t30 Body (Cũ),15.200.000,,
Canon Digital Ixus 110 Is (powershot Sd960 Is Digital Elph / Ixy Digital 510 Is) - Châu âu,2.500.000,4.2,5 đánh giá
Canon Powershot Sx100 Is - Mỹ / Canada (Cũ),1.500.000,3.9,7 đánh giá
Panasonic Lumix Dmc-zs20 (lumix Dmc-tz30) (Cũ),3.000.000,,
Canon Powershot Sx280 Hs - Mỹ / Canada,3.900.000,4.8,5 đánh giá
Canon Ixus 135 - Châu âu,2.600.000,4.5,2 đánh giá
Sony Cybershot Dsc-h50,2.200.000,5.0,1 đánh giá
Canon Powershot Sx100 Is - Mỹ / Canada,1.400.000,3.9,7 đánh giá
Canon Ixus 155 - Châu âu,2.850.000,5.0,1 đánh giá
Sony Alpha Qx1,6.000.000,,
Samsung Tl500 / Ex1,3.800.000,4.0,1 đánh giá
Nikon Coolpix L610,2.300.000,4.0,3 đánh giá
Canon Ixus 75 (powershot Sd750 / Ixy 90) - Châu âu,1.300.000,5.0,2 đánh giá
Sony Cybershot Dsc-hx1 (Cũ),2.500.000,4.0,2 đánh giá
Sony Cybershot Dsc-h200 (bc E32),3.890.000,4.7,6 đánh giá
Olympus Sz-10,3.500.000,,
Sony Cyber-shot Dsc-wx500 White (Cũ),4.300.000,5.0,1 đánh giá
Canon Ixus 500 Hs (powershot Elph 520 Hs) - Châu âu,2.100.000,4.0,7 đánh giá
Canon Eos M50 + Kit 15-45 (black) (Cũ),12.000.000,4.1,9 đánh giá
Sony Cybershot Dsc-wx170,4.450.000,,
Samsung Ex2f,4.500.000,,
Canon Ixus 160 (powershot Elph 160),1.900.000,3.8,4 đánh giá
Sony Cybershot Dsc-wx200 Back,3.300.000,4.3,4 đánh giá
Sony Cyber-shot Dsc-hx90v,5.500.000,4.6,7 đánh giá
Danh sách nơi bán Sony Cybershot DSC-RX100 cập nhật mới nhất 2021,,,
Danh sách nơi bán Canon PowerShot G7 X Mark II cập nhật mới nhất 2021,,,
Danh sách nơi bán Ricoh GR Mark II cập nhật mới nhất 2021,,,
Danh sách nơi bán Canon PowerShot ELPH 115 IS (IXUS 132) - Mỹ / Canada cập nhật mới nhất 2021,,,
Danh sách nơi bán Canon EOS M6 + Kit 15-45mm IS STM (màu bạc) cập nhật mới nhất 2021,,,
Danh sách nơi bán Canon PowerShot SX710 HS cập nhật mới nhất 2021,,,
Danh sách nơi bán Sony Cybershot DSC-W810 cập nhật mới nhất 2021,,,
Danh sách nơi bán Sony CyberShot DSC-H400 cập nhật mới nhất 2021,,,
Danh sách nơi bán Máy ảnh Sony DSC-RX100M5A Zeiss lens cập nhật mới nhất 2021,,,
Canon Ixus 900 Ti (powershot Sd900 / Ixy 1000) - Châu âu (Cũ),1.500.000,4.0,1 đánh giá
Canon Powershot S120,5.200.000,4.5,2 đánh giá
Panasonic Lumix Dmc-s1,1.200.000,3.1,7 đánh giá
Canon Ixy Digital 110 Is (powershot Sd1200 Is / Digital Ixus 95 Is) - Nhật (Cũ),900.000,,
Canon Powershot A2000 Is - Mỹ / Canada,1.500.000,4.7,7 đánh giá
Panasonic Lumix Dmc-fh2 (Cũ),950.000,3.3,3 đánh giá
Panasonic Lumix Dmc-tz15 (Cũ),1.900.000,5.0,1 đánh giá
Nikon Coolpix S2600,1.000.000,3.5,11 đánh giá
Sony Cybershot Dsc-h20,1.800.000,3.5,2 đánh giá
Samsung Digimax  Nv3 (Cũ),1.500.000,5.0,2 đánh giá
Canon Powershot Sx280 Hs - Mỹ / Canada,3.500.000,4.8,5 đánh giá
Nikon Coolpix L19,1.300.000,4.5,2 đánh giá
Canon Powershot Elph 150 Is,3.300.000,5.0,1 đánh giá
Sony Cybershot Dsc-wx350,5.000.000,4.6,7 đánh giá
Sony Cybershot Dsc-h200 (bc E32) (Cũ),2.300.000,4.7,6 đánh giá
Canon Ixus 155 - Châu âu,2.800.000,5.0,1 đánh giá
Sony Cybershot Dsc-h20 (Cũ),1.900.000,3.5,2 đánh giá
Sony Cybershot Dsc-wx350,4.800.000,4.6,7 đánh giá
Canon Ixy Digital 400f Is (ixus 130 Is / Powershot Sd1400 Is) - Nhật (Cũ),1.200.000,2.3,3 đánh giá
Canon Powershot Sx500 Is - Mỹ / Canada,3.800.000,4.3,29 đánh giá
Canon Powershot Sx260 Hs - Mỹ / Canada,2.800.000,4.3,7 đánh giá
Nikon Coolpix Aw130 Blue,6.200.000,5.0,1 đánh giá
Panasonic Lumix Dmc-zs35 (lumix Dmc-tz55),4.400.000,5.0,1 đánh giá
Máy ảnh Fujifilm X-t30 (+18-55mm) (Cũ),20.500.000,,
Canon Powershot G9 X Mark Ii Silver,8.500.000,4.7,3 đánh giá
Samsung Sl605,1.000.000,,
Canon Powershot Sx720 Hs,5.700.000,4.6,8 đánh giá
Canon Powershot Sx610 Hs,3.900.000,3.8,5 đánh giá
Nikon Coolpix S2600 (Cũ),1.200.000,3.5,11 đánh giá
Sony Cyber-shot Rx10,15.800.000,4.5,2 đánh giá
Nikon Coolpix L120 (Cũ),1.800.000,4.1,30 đánh giá
Canon Powershot Sx610 Hs,3.800.000,3.8,5 đánh giá
Sony Cyber-shot Dsc-hx90v,5.500.000,4.6,7 đánh giá
Sony Cyber-shot Dsc-hx90v,7.500.000,4.6,7 đánh giá
Canon Digital Ixus 120 Is (powershot Sd940 Is / Ixy Digital 220 Is) - Châu âu (Cũ),1.300.000,4.5,2 đánh giá
Canon Ixy Digital 930 Is (powershot Sd980 Is / Digital Ixus 200 Is) - Nhật (Cũ),1.200.000,4.5,2 đánh giá
Panasonic Lumix Dmc-zs50 (lumix Dmc-tz70),5.800.000,4.0,1 đánh giá
Panasonic Lumix Dmc-fx77 (Cũ),1.000.000,3.0,1 đánh giá
Panasonic Lumix Dmc-sz5 (Cũ),1.600.000,,
Pentax Optio Wg-2 (Cũ),2.800.000,3.5,2 đánh giá
Canon Powershot Elph 160 White-mỹ/canada (Cũ),1.200.000,,
Canon Powershot Sd940 Is (digital Ixus 120 Is / Ixy Digital 220 Is) - Mỹ / Canada (Cũ),1.300.000,4.0,1 đánh giá
Samsung Pl120 (Cũ),1.200.000,4.0,3 đánh giá
Nikon Coolpix L840 Red,3.900.000,5.0,1 đánh giá
Canon Powershot A480 - Mỹ / Canada (Cũ),650.000,3.0,1 đánh giá
Sony Cybershot Dsc-wx350 White,3.500.000,4.5,2 đánh giá
Sony Cyber-shot Dsc-wx500 White,6.400.000,5.0,1 đánh giá
Sjcam X1000 Wifi Limited Edition 2.0,2.300.000,,
Canon Ixus 160 (powershot Elph 160),1.900.000,3.8,4 đánh giá
Sony Cybershot Dsc-wx200 Back,3.300.000,4.3,4 đánh giá
Sony Cyber-shot Dsc-hx90v,5.500.000,4.6,7 đánh giá
Danh sách nơi bán Nikon Coolpix AW130 Yellow cập nhật mới nhất 2021,,,
Danh sách nơi bán Máy ảnh Sony DSC-RX100M6 cập nhật mới nhất 2021,,,
Danh sách nơi bán Canon PowerShot G7 X Mark II cập nhật mới nhất 2021,,,
Danh sách nơi bán Sony Cybershot DSC-W830 Black cập nhật mới nhất 2021,,,
Danh sách nơi bán Ricoh GR II Silver cập nhật mới nhất 2021,,,
Danh sách nơi bán Canon IXUS 285 HS Silver cập nhật mới nhất 2021,,,
Danh sách nơi bán Canon EOS M6 + Kit 15-45mm IS STM (màu bạc) cập nhật mới nhất 2021,,,
Danh sách nơi bán Nikon Coolpix AW130 Blue cập nhật mới nhất 2021,,,
Danh sách nơi bán Sony Cyber-shot DSC - RX100M4 cập nhật mới nhất 2021,,,
Sony Cybershot Dsc-hx350,7.600.000,4.7,3 đánh giá
Canon Powershot Sx620 Hs Red,5.100.000,3.0,1 đánh giá
Casio Ex-tr70 White,10.800.000,5.0,1 đánh giá
Canon Ixus 175 Red,2.250.000,4.8,4 đánh giá
Pentax Optio Wg-2,2.800.000,3.5,2 đánh giá
Canon Ixus 175 Red,2.290.000,4.8,4 đánh giá
Nikon Coolpix Aw130 Yellow,6.200.000,4.2,5 đánh giá
Sony Cyber-shot Dsc-wx500 Red,5.000.000,5.0,1 đánh giá
Sony Cybershot Dsc-wx350 White,4.800.000,4.5,2 đánh giá
Máy ảnh Fujifilm X-t3+18-55mm (black),27.700.000,,
Sony Ilce-5100l,11.200.000,4.0,1 đánh giá
Fujifilm X100f Silver (Cũ),17.000.000,4.7,3 đánh giá
Canon Powershot S5 Is - Mỹ / Canada (Cũ),3.000.000,4.1,16 đánh giá
Canon Eos M50 + Kit 15-45 (black),13.500.000,4.1,9 đánh giá
Sony Cybershot Rx10 Iv - Dsc-rx10m4,37.300.000,4.5,2 đánh giá
Canon Powershot Sx620 Hs Red (Cũ),3.800.000,3.0,1 đánh giá
Sony Cybershot Rx10 Iv - Dsc-rx10m4,27.000.000,4.5,2 đánh giá
Máy ảnh Fujifilm Instax Wide 300,1.600.000,,
Pentax Optio Wg-2,2.800.000,3.5,2 đánh giá
Máy ảnh Fujifilm X-a20 + Lens 15-45mm - Mint Green (Cũ),6.000.000,,
Canon Digital Ixus 95 Is (powershot Sd1200 Is / Ixy Digital 110 Is) - Châu âu,1.000.000,4.0,4 đánh giá
Máy ảnh Fujifilm X-a20 + Lens 15-45mm - Silver (Cũ),6.000.000,,
Sony Cyber-shot Dsc-qx100 (Cũ),4.500.000,5.0,3 đánh giá
Máy ảnh Fujifilm X-a20 + Lens 15-45mm - Brown (Cũ),6.000.000,,
Nikon Coolpix S4100 (Cũ),1.000.000,4.2,5 đánh giá
Canon Powershot A480 - Mỹ / Canada (Cũ),950.000,3.0,1 đánh giá
Sony Cybershot Dsc-w220,Liên hệ gian hàng,4.8,4 đánh giá
Canon Powershot Sx210 Is - Mỹ / Canada,Liên hệ gian hàng,4.0,4 đánh giá
Canon Powershot Sx600 Hs,Liên hệ gian hàng,5.0,2 đánh giá
Canon Powershot A3300 Is - Mỹ / Canada,Liên hệ gian hàng,4.4,32 đánh giá
Sony Cybershot Dsc-h300,Liên hệ gian hàng,4.3,12 đánh giá
Sony Cybershot Dsc-wx80 (bc E32/ Rc E32/ Wc E32),Liên hệ gian hàng,4.5,2 đánh giá
Sony Cybershot Dsc-wx200 Back,Liên hệ gian hàng,4.3,4 đánh giá
Sony Cybershot Dsc-wx220,Liên hệ gian hàng,4.7,3 đánh giá
Nikon Coolpix S6600,Liên hệ gian hàng,,
Sony Cybershot Dsc-wx220,Liên hệ gian hàng,4.7,3 đánh giá
Canon Powershot A3300 Is - Mỹ / Canada,Liên hệ gian hàng,4.4,32 đánh giá
Canon Powershot Sx600 Hs,Liên hệ gian hàng,5.0,2 đánh giá
Sony Cybershot Dsc-w220,Liên hệ gian hàng,4.8,4 đánh giá
Sony Cybershot Dsc-h300,Liên hệ gian hàng,4.3,12 đánh giá
Sony Cybershot Dsc-wx80 (bc E32/ Rc E32/ Wc E32),Liên hệ gian hàng,4.5,2 đánh giá
Sony Cybershot Dsc-wx200 Back,Liên hệ gian hàng,4.3,4 đánh giá
Nikon Coolpix S6600,Liên hệ gian hàng,,
Canon Powershot A3300 Is - Mỹ / Canada,Liên hệ gian hàng,4.4,32 đánh giá
Sony Cybershot Dsc-wx200 Back,Liên hệ gian hàng,4.3,4 đánh giá
Sony Cybershot Dsc-wx220,Liên hệ gian hàng,4.7,3 đánh giá
Sony Cybershot Dsc-wx80 (bc E32/ Rc E32/ Wc E32),Liên hệ gian hàng,4.5,2 đánh giá
Sony Cybershot Dsc-h300,Liên hệ gian hàng,4.3,12 đánh giá
Canon Ixus 160 (powershot Elph 160),1.900.000,3.8,4 đánh giá
Sony Cybershot Dsc-wx200 Back,3.300.000,4.3,4 đánh giá
Sony Cyber-shot Dsc-hx90v,5.500.000,4.6,7 đánh giá
Danh sách nơi bán Canon PowerShot SX710 HS cập nhật mới nhất 2021,,,
Danh sách nơi bán Ricoh GR Mark II cập nhật mới nhất 2021,,,
Danh sách nơi bán Canon PowerShot SX540 HS cập nhật mới nhất 2021,,,
Danh sách nơi bán Sony Cybershot DSC-W830 Black cập nhật mới nhất 2021,,,
Danh sách nơi bán Sony Cyber-shot DSC-H400 cập nhật mới nhất 2021,,,
Danh sách nơi bán Nikon Coolpix P900 cập nhật mới nhất 2021,,,
Danh sách nơi bán Canon IXUS 285 HS Black cập nhật mới nhất 2021,,,
Danh sách nơi bán Fujifilm FinePix JX250 cập nhật mới nhất 2021,,,
Danh sách nơi bán Sony Cybershot DSC-W810 cập nhật mới nhất 2021,,,
Nikon Coolpix S6600,Liên hệ gian hàng,,
Sony Cybershot Dsc-w220,Liên hệ gian hàng,4.8,4 đánh giá
Canon Powershot Sx600 Hs,Liên hệ gian hàng,5.0,2 đánh giá
Sony Cybershot Dsc-w220,Liên hệ gian hàng,4.8,4 đánh giá
Nikon Coolpix S6600,Liên hệ gian hàng,,
Sony Cybershot Dsc-h300,Liên hệ gian hàng,4.3,12 đánh giá
Sony Cybershot Dsc-wx80 (bc E32/ Rc E32/ Wc E32),Liên hệ gian hàng,4.5,2 đánh giá
Sony Cybershot Dsc-wx200 Back,Liên hệ gian hàng,4.3,4 đánh giá
Sony Cybershot Dsc-wx220,Liên hệ gian hàng,4.7,3 đánh giá
Canon Powershot A3300 Is - Mỹ / Canada,Liên hệ gian hàng,4.4,32 đánh giá
Sony Cybershot Dsc-wx80 (bc E32/ Rc E32/ Wc E32),Liên hệ gian hàng,4.5,2 đánh giá
Sony Cybershot Dsc-h300,Liên hệ gian hàng,4.3,12 đánh giá
Sony Cybershot Dsc-w220,Liên hệ gian hàng,4.8,4 đánh giá
Nikon Coolpix S6600,Liên hệ gian hàng,,
Sony Cybershot Dsc-wx200 Back,Liên hệ gian hàng,4.3,4 đánh giá
Sony Cybershot Dsc-wx220,Liên hệ gian hàng,4.7,3 đánh giá
Canon Powershot A3300 Is - Mỹ / Canada,Liên hệ gian hàng,4.4,32 đánh giá
Sony Cybershot Dsc-wx200 Back,Liên hệ gian hàng,4.3,4 đánh giá
Sony Cybershot Dsc-wx220,Liên hệ gian hàng,4.7,3 đánh giá
Canon Powershot A3300 Is - Mỹ / Canada,Liên hệ gian hàng,4.4,32 đánh giá
Nikon Coolpix S6600,Liên hệ gian hàng,,
Sony Cybershot Dsc-w220,Liên hệ gian hàng,4.8,4 đánh giá
Sony Cybershot Dsc-h300,Liên hệ gian hàng,4.3,12 đánh giá
Sony Cybershot Dsc-wx80 (bc E32/ Rc E32/ Wc E32),Liên hệ gian hàng,4.5,2 đánh giá
Canon Powershot A3300 Is - Mỹ / Canada,Liên hệ gian hàng,4.4,32 đánh giá
Sony Cybershot Dsc-wx200 Back,Liên hệ gian hàng,4.3,4 đánh giá
Sony Cybershot Dsc-wx220,Liên hệ gian hàng,4.7,3 đánh giá
Canon Powershot Sx600 Hs,Liên hệ gian hàng,5.0,2 đánh giá
Sony Cybershot Dsc-w220,Liên hệ gian hàng,4.8,4 đánh giá
Sony Cybershot Dsc-h300,Liên hệ gian hàng,4.3,12 đánh giá
Sony Cybershot Dsc-wx80 (bc E32/ Rc E32/ Wc E32),Liên hệ gian hàng,4.5,2 đánh giá
Nikon Coolpix S6600,Liên hệ gian hàng,,
Sony Cybershot Dsc-w830 Black,Liên hệ gian hàng,4.2,10 đánh giá
Nikon Coolpix S6700,Liên hệ gian hàng,4.0,1 đánh giá
Canon Powershot Sx170 Is,Liên hệ gian hàng,4.0,3 đánh giá
Canon Powershot Sx700 Hs,Liên hệ gian hàng,4.4,5 đánh giá
Canon Powershot Sx700 Hs,Liên hệ gian hàng,4.4,5 đánh giá
Canon Ixus 145,Liên hệ gian hàng,4.3,3 đánh giá
Sony Cybershot Dsc-w830 Black,Liên hệ gian hàng,4.2,10 đánh giá
Canon Ixus 145,Liên hệ gian hàng,4.3,3 đánh giá
Canon Powershot Sx170 Is,Liên hệ gian hàng,4.0,3 đánh giá
Nikon Coolpix S6700,Liên hệ gian hàng,4.0,1 đánh giá
Canon Powershot Sx700 Hs,Liên hệ gian hàng,4.4,5 đánh giá
Sony Cybershot Dsc-w830 Black,Liên hệ gian hàng,4.2,10 đánh giá
Canon Ixus 145,Liên hệ gian hàng,4.3,3 đánh giá
Canon Powershot Sx170 Is,Liên hệ gian hàng,4.0,3 đánh giá
Nikon Coolpix S6700,Liên hệ gian hàng,4.0,1 đánh giá
Nikon Coolpix S6700,Liên hệ gian hàng,4.0,1 đánh giá
Canon Ixus 160 (powershot Elph 160),1.900.000,3.8,4 đánh giá
Sony Cybershot Dsc-wx200 Back,3.300.000,4.3,4 đánh giá
Sony Cyber-shot Dsc-hx90v,5.500.000,4.6,7 đánh giá
Danh sách nơi bán Sony Cyber-shot DSC - RX100M4 cập nhật mới nhất 2021,,,
Danh sách nơi bán Sony Cybershot DSC-RX100 cập nhật mới nhất 2021,,,
Danh sách nơi bán Nikon Coolpix P900 cập nhật mới nhất 2021,,,
Danh sách nơi bán Nikon Coolpix AW130 Blue cập nhật mới nhất 2021,,,
Danh sách nơi bán Canon PowerShot SX540 HS cập nhật mới nhất 2021,,,
Danh sách nơi bán Sony Cybershot DSC-W830 Black cập nhật mới nhất 2021,,,
Danh sách nơi bán Sony Cyber-shot DSC-H400 cập nhật mới nhất 2021,,,
Danh sách nơi bán Ricoh GR Mark II cập nhật mới nhất 2021,,,
Danh sách nơi bán Máy ảnh Sony DSC-RX100M6 cập nhật mới nhất 2021,,,
Canon Powershot Sx170 Is,Liên hệ gian hàng,4.0,3 đánh giá
Canon Powershot Sx700 Hs,Liên hệ gian hàng,4.4,5 đánh giá
Canon Ixus 145,Liên hệ gian hàng,4.3,3 đánh giá
Sony Cybershot Dsc-w830 Black,Liên hệ gian hàng,4.2,10 đánh giá
Canon Ixus 145,Liên hệ gian hàng,4.3,3 đánh giá
Canon Powershot Sx700 Hs,Liên hệ gian hàng,4.4,5 đánh giá
Nikon Coolpix S6700,Liên hệ gian hàng,4.0,1 đánh giá
Canon Powershot Sx170 Is,Liên hệ gian hàng,4.0,3 đánh giá
Sony Cybershot Dsc-w830 Black,Liên hệ gian hàng,4.2,10 đánh giá
Sony Cybershot Dsc-w830 Black,Liên hệ gian hàng,4.2,10 đánh giá
Canon Powershot Sx170 Is,Liên hệ gian hàng,4.0,3 đánh giá
Nikon Coolpix S6700,Liên hệ gian hàng,4.0,1 đánh giá
Canon Powershot Sx700 Hs,Liên hệ gian hàng,4.4,5 đánh giá
Canon Ixus 145,Liên hệ gian hàng,4.3,3 đánh giá
Sony Cybershot Dsc-w830 Black,Liên hệ gian hàng,4.2,10 đánh giá
Canon Ixus 145,Liên hệ gian hàng,4.3,3 đánh giá
Canon Powershot Sx170 Is,Liên hệ gian hàng,4.0,3 đánh giá
Nikon Coolpix S6700,Liên hệ gian hàng,4.0,1 đánh giá
Canon Powershot Sx700 Hs,Liên hệ gian hàng,4.4,5 đánh giá
Canon Powershot A2600 - Mỹ / Canada,Liên hệ gian hàng,4.0,3 đánh giá
Sony Cybershot Dsc-w810,Liên hệ gian hàng,5.0,6 đánh giá
Canon Powershot G15 - Mỹ / Canada,Liên hệ gian hàng,4.6,7 đánh giá
Sony Cybershot Dsc-hx50v,Liên hệ gian hàng,4.7,3 đánh giá
Canon Powershot Sx510 Hs,Liên hệ gian hàng,4.8,4 đánh giá
Sony Cybershot Dsc-hx60,Liên hệ gian hàng,5.0,1 đánh giá
Sony Cybershot Dsc-w810,Liên hệ gian hàng,5.0,6 đánh giá
Canon Powershot Sx510 Hs,Liên hệ gian hàng,4.8,4 đánh giá
Sony Cybershot Dsc-hx50v,Liên hệ gian hàng,4.7,3 đánh giá
Canon Powershot A2600 - Mỹ / Canada,Liên hệ gian hàng,4.0,3 đánh giá
Sony Cybershot Dsc-hx60,Liên hệ gian hàng,5.0,1 đánh giá
Canon Powershot G15 - Mỹ / Canada,Liên hệ gian hàng,4.6,7 đánh giá
Sony Cybershot Dsc-w810,Liên hệ gian hàng,5.0,6 đánh giá
Canon Powershot Sx510 Hs,Liên hệ gian hàng,4.8,4 đánh giá
Sony Cybershot Dsc-hx60,Liên hệ gian hàng,5.0,1 đánh giá
Sony Cybershot Dsc-hx50v,Liên hệ gian hàng,4.7,3 đánh giá
Canon Powershot A2600 - Mỹ / Canada,Liên hệ gian hàng,4.0,3 đánh giá
Canon Powershot G15 - Mỹ / Canada,Liên hệ gian hàng,4.6,7 đánh giá
Canon Powershot G15 - Mỹ / Canada,Liên hệ gian hàng,4.6,7 đánh giá
Canon Powershot A2600 - Mỹ / Canada,Liên hệ gian hàng,4.0,3 đánh giá
Sony Cybershot Dsc-hx60,Liên hệ gian hàng,5.0,1 đánh giá
Sony Cybershot Dsc-hx50v,Liên hệ gian hàng,4.7,3 đánh giá
Canon Powershot Sx510 Hs,Liên hệ gian hàng,4.8,4 đánh giá
Sony Cybershot Dsc-w810,Liên hệ gian hàng,5.0,6 đánh giá
Sony Cybershot Dsc-hx60,Liên hệ gian hàng,5.0,1 đánh giá
Sony Cybershot Dsc-hx50v,Liên hệ gian hàng,4.7,3 đánh giá
Canon Powershot G15 - Mỹ / Canada,Liên hệ gian hàng,4.6,7 đánh giá
Canon Powershot A2600 - Mỹ / Canada,Liên hệ gian hàng,4.0,3 đánh giá
Sony Cybershot Dsc-w810,Liên hệ gian hàng,5.0,6 đánh giá
Canon Ixus 160 (powershot Elph 160),1.900.000,3.8,4 đánh giá
Sony Cybershot Dsc-wx200 Back,3.300.000,4.3,4 đánh giá
Sony Cyber-shot Dsc-hx90v,5.500.000,4.6,7 đánh giá
Danh sách nơi bán Sony CyberShot DSC-H300 cập nhật mới nhất 2021,,,
Danh sách nơi bán Canon IXUS 285 HS Black cập nhật mới nhất 2021,,,
Danh sách nơi bán Canon PowerShot SX620 HS Black cập nhật mới nhất 2021,,,
Danh sách nơi bán Máy ảnh Sony DSC-RX100M5A Zeiss lens cập nhật mới nhất 2021,,,
Danh sách nơi bán Nikon Coolpix P900 cập nhật mới nhất 2021,,,
Danh sách nơi bán Máy ảnh Sony DSC-RX100M6 cập nhật mới nhất 2021,,,
Danh sách nơi bán Canon IXUS 285 HS Silver cập nhật mới nhất 2021,,,
Danh sách nơi bán Nikon Coolpix AW130 Yellow cập nhật mới nhất 2021,,,
Danh sách nơi bán Canon PowerShot ELPH 115 IS (IXUS 132) - Mỹ / Canada cập nhật mới nhất 2021,,,
Canon Powershot Sx510 Hs,Liên hệ gian hàng,4.8,4 đánh giá
Canon Powershot Sx510 Hs,Liên hệ gian hàng,4.8,4 đánh giá
Sony Cybershot Dsc-w810,Liên hệ gian hàng,5.0,6 đánh giá
Canon Powershot A2600 - Mỹ / Canada,Liên hệ gian hàng,4.0,3 đánh giá
Canon Powershot G15 - Mỹ / Canada,Liên hệ gian hàng,4.6,7 đánh giá
Sony Cybershot Dsc-hx60,Liên hệ gian hàng,5.0,1 đánh giá
Sony Cybershot Dsc-hx50v,Liên hệ gian hàng,4.7,3 đánh giá
Sony Cybershot Dsc-w810,Liên hệ gian hàng,5.0,6 đánh giá
Canon Powershot G15 - Mỹ / Canada,Liên hệ gian hàng,4.6,7 đánh giá
Canon Powershot Sx510 Hs,Liên hệ gian hàng,4.8,4 đánh giá
Sony Cybershot Dsc-hx50v,Liên hệ gian hàng,4.7,3 đánh giá
Canon Powershot A2600 - Mỹ / Canada,Liên hệ gian hàng,4.0,3 đánh giá
Sony Cybershot Dsc-hx60,Liên hệ gian hàng,5.0,1 đánh giá
Canon Powershot G10 - Mỹ / Canada,Liên hệ gian hàng,4.3,72 đánh giá
Canon Ixus 230 Hs (powershot Elph 310 Hs / Ixy 600f) - Châu âu,Liên hệ gian hàng,3.7,9 đánh giá
Canon Ixus 230 Hs (powershot Elph 310 Hs / Ixy 600f) - Châu âu,Liên hệ gian hàng,3.7,9 đánh giá
Canon Powershot G10 - Mỹ / Canada,Liên hệ gian hàng,4.3,72 đánh giá
Canon Ixus 230 Hs (powershot Elph 310 Hs / Ixy 600f) - Châu âu,Liên hệ gian hàng,3.7,9 đánh giá
Canon Powershot G10 - Mỹ / Canada,Liên hệ gian hàng,4.3,72 đánh giá
Canon Powershot G10 - Mỹ / Canada,Liên hệ gian hàng,4.3,72 đánh giá
Canon Ixus 230 Hs (powershot Elph 310 Hs / Ixy 600f) - Châu âu,Liên hệ gian hàng,3.7,9 đánh giá
Canon Powershot G10 - Mỹ / Canada,Liên hệ gian hàng,4.3,72 đánh giá
Canon Ixus 230 Hs (powershot Elph 310 Hs / Ixy 600f) - Châu âu,Liên hệ gian hàng,3.7,9 đánh giá
Canon Ixus 230 Hs (powershot Elph 310 Hs / Ixy 600f) - Châu âu,Liên hệ gian hàng,3.7,9 đánh giá
Canon Powershot G10 - Mỹ / Canada,Liên hệ gian hàng,4.3,72 đánh giá
Canon Ixus 230 Hs (powershot Elph 310 Hs / Ixy 600f) - Châu âu,Liên hệ gian hàng,3.7,9 đánh giá
Canon Powershot G10 - Mỹ / Canada,Liên hệ gian hàng,4.3,72 đánh giá
Sony Cybershot Dsc-wx350,Liên hệ gian hàng,4.6,7 đánh giá
Sony Cybershot Dsc-h200 (bc E32),Liên hệ gian hàng,4.7,6 đánh giá
Canon Powershot A2500 - Mỹ / Canada,Liên hệ gian hàng,4.0,7 đánh giá
Agfaphoto Precisa 1430,Liên hệ gian hàng,,
Sony Cybershot Dsc-wx350,Liên hệ gian hàng,4.6,7 đánh giá
Canon Powershot A2500 - Mỹ / Canada,Liên hệ gian hàng,4.0,7 đánh giá
Sony Cybershot Dsc-h200 (bc E32),Liên hệ gian hàng,4.7,6 đánh giá
Sony Cybershot Dsc-wx350,Liên hệ gian hàng,4.6,7 đánh giá
Canon Powershot A2500 - Mỹ / Canada,Liên hệ gian hàng,4.0,7 đánh giá
Sony Cybershot Dsc-h200 (bc E32),Liên hệ gian hàng,4.7,6 đánh giá
Sony Cybershot Dsc-h200 (bc E32),Liên hệ gian hàng,4.7,6 đánh giá
Canon Powershot A2500 - Mỹ / Canada,Liên hệ gian hàng,4.0,7 đánh giá
Sony Cybershot Dsc-wx350,Liên hệ gian hàng,4.6,7 đánh giá
Sony Cybershot Dsc-h200 (bc E32),Liên hệ gian hàng,4.7,6 đánh giá
Canon Powershot A2500 - Mỹ / Canada,Liên hệ gian hàng,4.0,7 đánh giá
Sony Cybershot Dsc-wx350,Liên hệ gian hàng,4.6,7 đánh giá
Sony Cybershot Dsc-wx350,Liên hệ gian hàng,4.6,7 đánh giá
Canon Powershot A2500 - Mỹ / Canada,Liên hệ gian hàng,4.0,7 đánh giá
Sony Cybershot Dsc-h200 (bc E32),Liên hệ gian hàng,4.7,6 đánh giá
Sony Cybershot Dsc-wx350,Liên hệ gian hàng,4.6,7 đánh giá
Canon Powershot A2500 - Mỹ / Canada,Liên hệ gian hàng,4.0,7 đánh giá
Canon Ixus 160 (powershot Elph 160),1.900.000,3.8,4 đánh giá
Sony Cybershot Dsc-wx200 Back,3.300.000,4.3,4 đánh giá
Sony Cyber-shot Dsc-hx90v,5.500.000,4.6,7 đánh giá
Danh sách nơi bán Canon PowerShot ELPH 190 IS Red cập nhật mới nhất 2021,,,
Danh sách nơi bán Sony Cybershot DSC-W830 Black cập nhật mới nhất 2021,,,
Danh sách nơi bán Canon PowerShot G7 X Mark II cập nhật mới nhất 2021,,,
Danh sách nơi bán Canon PowerShot SX540 HS cập nhật mới nhất 2021,,,
Danh sách nơi bán Canon PowerShot SX710 HS cập nhật mới nhất 2021,,,
Danh sách nơi bán Canon PowerShot SX620 HS Black cập nhật mới nhất 2021,,,
Danh sách nơi bán Nikon Coolpix AW130 Yellow cập nhật mới nhất 2021,,,
Danh sách nơi bán Nikon Coolpix AW130 Blue cập nhật mới nhất 2021,,,
Danh sách nơi bán Sony Cybershot DSC-W810 cập nhật mới nhất 2021,,,
Sony Cybershot Dsc-h200 (bc E32),Liên hệ gian hàng,4.7,6 đánh giá
Sony Cybershot Dsc-wx200 Back,Liên hệ gian hàng,4.3,4 đánh giá
Sony Cybershot Dsc-wx220,Liên hệ gian hàng,4.7,3 đánh giá
Canon Powershot A3300 Is - Mỹ / Canada,Liên hệ gian hàng,4.4,32 đánh giá
Nikon Coolpix S6600,Liên hệ gian hàng,,
Sony Cybershot Dsc-w220,Liên hệ gian hàng,4.8,4 đánh giá
Sony Cybershot Dsc-h300,Liên hệ gian hàng,4.3,12 đánh giá
Sony Cybershot Dsc-wx80 (bc E32/ Rc E32/ Wc E32),Liên hệ gian hàng,4.5,2 đánh giá
Nikon Coolpix S6700,Liên hệ gian hàng,4.0,1 đánh giá
Sony Cybershot Dsc-w830 Black,Liên hệ gian hàng,4.2,10 đánh giá
Canon Powershot Sx170 Is,Liên hệ gian hàng,4.0,3 đánh giá
Canon Powershot Sx700 Hs,Liên hệ gian hàng,4.4,5 đánh giá
Canon Ixus 145,Liên hệ gian hàng,4.3,3 đánh giá
Canon Powershot Sx510 Hs,Liên hệ gian hàng,4.8,4 đánh giá
Sony Cybershot Dsc-w810,Liên hệ gian hàng,5.0,6 đánh giá
Canon Powershot A2600 - Mỹ / Canada,Liên hệ gian hàng,4.0,3 đánh giá
Canon Powershot G15 - Mỹ / Canada,Liên hệ gian hàng,4.6,7 đánh giá
Sony Cybershot Dsc-hx60,Liên hệ gian hàng,5.0,1 đánh giá
Sony Cybershot Dsc-hx50v,Liên hệ gian hàng,4.7,3 đánh giá
Canon Ixus 230 Hs (powershot Elph 310 Hs / Ixy 600f) - Châu âu,Liên hệ gian hàng,3.7,9 đánh giá
Canon Powershot G10 - Mỹ / Canada,Liên hệ gian hàng,4.3,72 đánh giá
Sony Cybershot Dsc-wx350,Liên hệ gian hàng,4.6,7 đánh giá
Canon Powershot A2500 - Mỹ / Canada,Liên hệ gian hàng,4.0,7 đánh giá
Sony Cybershot Dsc-h200 (bc E32),Liên hệ gian hàng,4.7,6 đánh giá
Canon Ixus 160 (powershot Elph 160),1.900.000,3.8,4 đánh giá
Sony Cybershot Dsc-wx200 Back,3.300.000,4.3,4 đánh giá
Sony Cyber-shot Dsc-hx90v,5.500.000,4.6,7 đánh giá
Danh sách nơi bán Canon PowerShot ELPH 115 IS (IXUS 132) - Mỹ / Canada cập nhật mới nhất 2021,,,
Danh sách nơi bán Canon IXUS 285 HS Silver cập nhật mới nhất 2021,,,
Danh sách nơi bán Sony CyberShot DSC-H400 cập nhật mới nhất 2021,,,
Danh sách nơi bán Sony Cybershot DSC-RX100 cập nhật mới nhất 2021,,,
Danh sách nơi bán Sony Cybershot DSC-W830 Black cập nhật mới nhất 2021,,,
Danh sách nơi bán Panasonic Lumix DMC-LX1 cập nhật mới nhất 2021,,,
Danh sách nơi bán Canon EOS M6 + Kit 15-45mm IS STM (màu bạc) cập nhật mới nhất 2021,,,
Danh sách nơi bán Sony CyberShot DSC-H300 cập nhật mới nhất 2021,,,
Danh sách nơi bán Canon PowerShot SX710 HS cập nhật mới nhất 2021,,,
